Cluster_Name	NCBI_Accession	Protein	Domain	Domain_Accession	E-value_hmmer	FinalGCFs
841_Aspergillus_tanneri	GCA_003426965.1	KAA8641753.1	p450	PF00067.23	7.700000000000001e-17	154
841_Aspergillus_tanneri	GCA_003426965.1	KAA8641754.1	DIT1_PvcA	PF05141.13	1.4999999999999998e-94	154
3658_Aspergillus_tanneri	GCF_003426965.1	XP_033421115.1	p450	PF00067.23	7.700000000000001e-17	154
3658_Aspergillus_tanneri	GCF_003426965.1	XP_033421116.1	DIT1_PvcA	PF05141.13	1.4999999999999998e-94	154
