Cluster_Name	NCBI_Accession	Protein	Domain	Domain_Accession	E-value_hmmer	FinalGCFs
1189_Westerdykella_ornata	GCA_010094085.1	KAF2278854.1	DIT1_PvcA	PF05141.13	9.7e-90	180
1189_Westerdykella_ornata	GCA_010094085.1	KAF2278855.1	MFS_1	PF07690.17	1.1000000000000002e-34	180
1189_Westerdykella_ornata	GCA_010094085.1	KAF2278855.1	Sugar_tr	PF00083.25	8.399999999999999e-09	180
1189_Westerdykella_ornata	GCA_010094085.1	KAF2278856.1				180
3708_Westerdykella_ornata	GCF_010094085.1	XP_033656393.1	DIT1_PvcA	PF05141.13	9.7e-90	180
3708_Westerdykella_ornata	GCF_010094085.1	XP_033656394.1	MFS_1	PF07690.17	1.1000000000000002e-34	180
3708_Westerdykella_ornata	GCF_010094085.1	XP_033656394.1	Sugar_tr	PF00083.25	8.399999999999999e-09	180
3708_Westerdykella_ornata	GCF_010094085.1	XP_033656395.1				180
