Cluster_Name	NCBI_Accession	Protein	Domain	Domain_Accession	E-value_hmmer	FinalGCFs
3295_Candida_intermedia	GCA_900106115.1	SGZ47858.1	Aminotran_3	PF00202.22	2.4e-121	206
3295_Candida_intermedia	GCA_900106115.1	SGZ47860.1	AAA_26	PF13500.7	2.4e-42	206
3295_Candida_intermedia	GCA_900106115.1	SGZ47862.1	PTR2	PF00854.22	5.2e-53	206
3295_Candida_intermedia	GCA_900106115.1	SGZ47865.1	DIT1_PvcA	PF05141.13	1.4999999999999994e-88	206
3296_Candida_intermedia	GCA_900106125.1	SGZ58190.1	DIT1_PvcA	PF05141.13	2.3999999999999997e-88	206
3296_Candida_intermedia	GCA_900106125.1	SGZ58191.1	PTR2	PF00854.22	4.8e-52	206
3296_Candida_intermedia	GCA_900106125.1	SGZ58192.1	AAA_26	PF13500.7	7.799999999999999e-42	206
3296_Candida_intermedia	GCA_900106125.1	SGZ58193.1	Aminotran_3	PF00202.22	3.099999999999999e-103	206
3296_Candida_intermedia	GCA_900106125.1	SGZ58194.1	UPF0047	PF01894.18	1.9e-37	206
