TreeTip_Name	Protein	Accession	Lichen	ICS_Clade	Species	Genus	Fungal_Class
Xylariaceae_sp_FL1272_KAI0164569.1	KAI0164569.1	GCA_022432385.1	NotLichen	crm_fused	Xylariaceae_sp_FL1272		Sordariomycetes
Xylariaceae_sp_FL1019_KAI1266947.1	KAI1266947.1	GCA_022578705.1	NotLichen	crm_fused	Xylariaceae_sp_FL1019		Sordariomycetes
Xylariaceae_sp_FL0594_KAI0398592.1	KAI0398592.1	GCA_022385605.1	NotLichen	crm_fused	Xylariaceae_sp_FL0594		Sordariomycetes
Xylaria_sp_FL1777_KAI1418874.1	KAI1418874.1	GCA_022578965.1	NotLichen	crm_fused	Xylaria_sp_FL1777	Xylaria	Sordariomycetes
Xylaria_palmicola_KAI0399761.1	KAI0399761.1	GCA_022385595.1	NotLichen	crm_fused	Xylaria_palmicola	Xylaria	Sordariomycetes
Xylaria_nigripes_KAI2634467.1	KAI2634467.1	GCA_022984845.1	NotLichen	crm_fused	Xylaria_nigripes	Xylaria	Sordariomycetes
Xylaria_intraflava_KAI1827496.1	KAI1827496.1	GCA_022385655.1	NotLichen	crm_fused	Xylaria_intraflava	Xylaria	Sordariomycetes
Xylaria_hypoxylon_TGJ79002.1	TGJ79002.1	GCA_004768795.1	NotLichen	crm_fused	Xylaria_hypoxylon	Xylaria	Sordariomycetes
Xylaria_grammica_KAI0422312.1	KAI0422312.1	GCA_022495055.1	NotLichen	crm_fused	Xylaria_grammica	Xylaria	Sordariomycetes
Xylaria_bambusicola_XP_047833026.1	XP_047833026.1	GCF_022495145.1	NotLichen	crm_fused	Xylaria_bambusicola	Xylaria	Sordariomycetes
Xylaria_bambusicola_XP_047832783.1	XP_047832783.1	GCF_022495145.1	NotLichen	crm_fused	Xylaria_bambusicola	Xylaria	Sordariomycetes
Xylaria_arbuscula_KAI1363917.1	KAI1363917.1	GCA_022578905.1	NotLichen	crm_fused	Xylaria_arbuscula	Xylaria	Sordariomycetes
Xylaria_arbuscula_KAI1361904.1	KAI1361904.1	GCA_022578905.1	NotLichen	crm_fused	Xylaria_arbuscula	Xylaria	Sordariomycetes
Verticillium_nonalfalfae_XP_028495418.1	XP_028495418.1	GCF_003724135.2	NotLichen	crm_fused	Verticillium_nonalfalfae	Verticillium	Sordariomycetes
Verticillium_dahliae_PNH27774.1	PNH27774.1	GCA_002892985.1	NotLichen	crm_fused	Verticillium_dahliae	Verticillium	Sordariomycetes
Trichophyton_violaceum_OAL68961.1	OAL68961.1	GCA_001651435.1	NotLichen	crm_fused	Trichophyton_violaceum	Trichophyton	Eurotiomycetes
Trichophyton_verrucosum_XP_003021174.1	XP_003021174.1	GCF_000151505.1	NotLichen	crm_fused	Trichophyton_verrucosum	Trichophyton	Eurotiomycetes
Trichophyton_soudanense_EZF79037.1	EZF79037.1	GCA_000616865.1	NotLichen	crm_fused	Trichophyton_soudanense	Trichophyton	Eurotiomycetes
Trichophyton_rubrum_KMQ41408.1	KMQ41408.1	GCA_000812105.1	NotLichen	crm_fused	Trichophyton_rubrum	Trichophyton	Eurotiomycetes
Trichophyton_interdigitale_KAG8206050.1	KAG8206050.1	GCA_019359935.1	NotLichen	crm_fused	Trichophyton_interdigitale	Trichophyton	Eurotiomycetes
Trichophyton_equinum_EGE05591.1	EGE05591.1	GCA_000151175.1	NotLichen	crm_fused	Trichophyton_equinum	Trichophyton	Eurotiomycetes
Trichophyton_benhamiae_DAA76167.1	DAA76167.1	GCA_001858085.1	NotLichen	crm_fused	Trichophyton_benhamiae	Trichophyton	Eurotiomycetes
Trichoderma_virens_EHK24062.1	EHK24062.1	GCA_000170995.2	NotLichen	crm_fused	Trichoderma_virens	Trichoderma	Sordariomycetes
Trichoderma_simmonsii_QYS95457.1	QYS95457.1	GCA_019565615.1	NotLichen	crm_fused	Trichoderma_simmonsii	Trichoderma	Sordariomycetes
Trichoderma_semiorbis_KAH0528981.1	KAH0528981.1	GCA_020045945.2	NotLichen	crm_fused	Trichoderma_semiorbis	Trichoderma	Sordariomycetes
Trichoderma_lentiforme_KAF3071615.1	KAF3071615.1	GCA_011066345.1	NotLichen	crm_fused	Trichoderma_lentiforme	Trichoderma	Sordariomycetes
Trichoderma_harzianum_XP_024769518.1	XP_024769518.1	GCF_003025095.1	NotLichen	crm_fused	Trichoderma_harzianum	Trichoderma	Sordariomycetes
Trichoderma_guizhouense_OPB41765.1	OPB41765.1	GCA_002022785.1	NotLichen	crm_fused	Trichoderma_guizhouense	Trichoderma	Sordariomycetes
Trichoderma_gamsii_XP_018666334.1	XP_018666334.1	GCF_001481775.1	NotLichen	crm_fused	Trichoderma_gamsii	Trichoderma	Sordariomycetes
Trichoderma_atroviride_EHK42400.1	EHK42400.1	GCA_000171015.2	NotLichen	crm_fused	Trichoderma_atroviride	Trichoderma	Sordariomycetes
Trichoderma_asperellum_XP_024755820.1	XP_024755820.1	GCF_003025105.1	NotLichen	crm_fused	Trichoderma_asperellum	Trichoderma	Sordariomycetes
Trichoderma_asperelloides_KAH8127508.1	KAH8127508.1	GCA_021066465.1	NotLichen	crm_fused	Trichoderma_asperelloides	Trichoderma	Sordariomycetes
Trichoderma_arundinaceum_RFU77965.1	RFU77965.1	GCA_003012105.1	NotLichen	crm_fused	Trichoderma_arundinaceum	Trichoderma	Sordariomycetes
Trematosphaeria_pertusa_XP_033685156.1	XP_033685156.1	GCF_010094035.1	NotLichen	crm_fused	Trematosphaeria_pertusa	Trematosphaeria	Dothideomycetes
Talaromyces_verruculosus_KUL91656.1	KUL91656.1	GCA_001305275.1	NotLichen	crm_fused	Talaromyces_verruculosus	Talaromyces	Eurotiomycetes
Talaromyces_stipitatus_XP_002483260.1	XP_002483260.1	GCF_000003125.1	NotLichen	crm_fused	Talaromyces_stipitatus	Talaromyces	Eurotiomycetes
Talaromyces_proteolyticus_XP_046075778.1	XP_046075778.1	GCF_021365285.1	NotLichen	crm_fused	Talaromyces_proteolyticus	Talaromyces	Eurotiomycetes
Talaromyces_pinophilus_KAF3404987.1	KAF3404987.1	GCA_011392495.1	NotLichen	crm_fused	Talaromyces_pinophilus	Talaromyces	Eurotiomycetes
Talaromyces_marneffei_KAE8554211.1	KAE8554211.1	GCA_009650675.1	NotLichen	crm_fused	Talaromyces_marneffei	Talaromyces	Eurotiomycetes
Talaromyces_islandicus_CRG90102.1	CRG90102.1	GCA_000985935.1	NotLichen	crm_fused	Talaromyces_islandicus	Talaromyces	Eurotiomycetes
Talaromyces_cellulolyticus_GAM39784.1	GAM39784.1	GCA_000829775.1	NotLichen	crm_fused	Talaromyces_cellulolyticus	Talaromyces	Eurotiomycetes
Talaromyces_amestolkiae_XP_040736961.1	XP_040736961.1	GCF_001896365.1	NotLichen	crm_fused	Talaromyces_amestolkiae	Talaromyces	Eurotiomycetes
Pyrenophora_triticirepentis_KAI1685035.1	KAI1685035.1	GCA_022813025.1	NotLichen	crm_fused	Pyrenophora_triticirepentis	Pyrenophora	Dothideomycetes
Pyrenophora_teres_CAE7031247.1	CAE7031247.1	GCA_900232045.3	NotLichen	crm_fused	Pyrenophora_teres	Pyrenophora	Dothideomycetes
Pyrenochaeta_sp_DS3sAY3a_OAL45143.1	OAL45143.1	GCA_001644535.1	NotLichen	crm_fused	Pyrenochaeta_sp_DS3sAY3a	Pyrenochaeta	Dothideomycetes
Pochonia_chlamydosporia_XP_022284604.1	XP_022284604.1	GCF_001653235.2	NotLichen	crm_fused	Pochonia_chlamydosporia	Pochonia	Sordariomycetes
Penicillium_sp_str_12_KAF4763112.1	KAF4763112.1	GCA_013138035.1	NotLichen	crm_fused	Penicillium_sp_str_12	Penicillium	Eurotiomycetes
Penicillium_sp_occitanis_PCH06140.1	PCH06140.1	GCA_002382835.1	NotLichen	crm_fused	Penicillium_sp_occitanis	Penicillium	Eurotiomycetes
Penicillium_solitum_XP_040808341.1	XP_040808341.1	GCF_002072235.1	NotLichen	crm_fused	Penicillium_solitum	Penicillium	Eurotiomycetes
Penicillium_polonicum_OQD71929.1	OQD71929.1	GCA_002072265.1	NotLichen	crm_fused	Penicillium_polonicum	Penicillium	Eurotiomycetes
Penicillium_oxalicum_EPS31139.1	EPS31139.1	GCA_000346795.1	NotLichen	crm_fused	Penicillium_oxalicum	Penicillium	Eurotiomycetes
Penicillium_freii_KUM56496.1	KUM56496.1	GCA_001513925.1	NotLichen	crm_fused	Penicillium_freii	Penicillium	Eurotiomycetes
Penicillium_expansum_KGO45434.1	KGO45434.1	GCA_000769735.1	NotLichen	crm_fused	Penicillium_expansum	Penicillium	Eurotiomycetes
Penicillium_digitatum_QQK43488.1	QQK43488.1	GCA_016767815.1	NotLichen	crm_fused	Penicillium_digitatum	Penicillium	Eurotiomycetes
Penicillium_crustosum_KAF7517455.1	KAF7517455.1	GCA_014621375.1	NotLichen	crm_fused	Penicillium_crustosum	Penicillium	Eurotiomycetes
Penicillium_brasilianum_CEJ59956.1	CEJ59956.1	GCA_001048715.1	NotLichen	crm_fused	Penicillium_brasilianum	Penicillium	Eurotiomycetes
Neonectria_ditissima_KPM40578.1	KPM40578.1	GCA_001306435.1	NotLichen	crm_fused	Neonectria_ditissima	Neonectria	Sordariomycetes
Nemania_sp_NC0429_KAI1111738.1	KAI1111738.1	GCA_022578495.1	NotLichen	crm_fused	Nemania_sp_NC0429	Nemania	Sordariomycetes
Nemania_sp_FL0916_KAI1172681.1	KAI1172681.1	GCA_022578715.1	NotLichen	crm_fused	Nemania_sp_FL0916	Nemania	Sordariomycetes
Nemania_serpens_KAI1185029.1	KAI1185029.1	GCA_022578675.1	NotLichen	crm_fused	Nemania_serpens	Nemania	Sordariomycetes
Nannizzia_gypsea_XP_003169292.1	XP_003169292.1	GCF_000150975.2	NotLichen	crm_fused	Nannizzia_gypsea	Nannizzia	Eurotiomycetes
Microsporum_canis_XP_002842847.1	XP_002842847.1	GCF_000151145.1	NotLichen	crm_fused	Microsporum_canis	Microsporum	Eurotiomycetes
Metarhizium_robertsii_EXV04551.1	EXV04551.1	GCA_000591435.1	NotLichen	crm_fused	Metarhizium_robertsii	Metarhizium	Sordariomycetes
Metarhizium_majus_XP_014578744.1	XP_014578744.1	GCF_000814945.1	NotLichen	crm_fused	Metarhizium_majus	Metarhizium	Sordariomycetes
Metarhizium_humberi_KAH0600808.1	KAH0600808.1	GCA_020102295.1	NotLichen	crm_fused	Metarhizium_humberi	Metarhizium	Sordariomycetes
Metarhizium_guizhouense_KID90510.1	KID90510.1	GCA_000814955.1	NotLichen	crm_fused	Metarhizium_guizhouense	Metarhizium	Sordariomycetes
Metarhizium_brunneum_QLI64307.1	QLI64307.1	GCA_013426205.1	NotLichen	crm_fused	Metarhizium_brunneum	Metarhizium	Sordariomycetes
Metarhizium_anisopliae_KJK83196.1	KJK83196.1	GCA_000426965.1	NotLichen	crm_fused	Metarhizium_anisopliae	Metarhizium	Sordariomycetes
Metarhizium_acridum_XP_007808063.1	XP_007808063.1	GCF_000187405.1	NotLichen	crm_fused	Metarhizium_acridum	Metarhizium	Sordariomycetes
Lophiostoma_macrostomum_KAF2650414.1	KAF2650414.1	GCA_010405375.1	NotLichen	crm_fused	Lophiostoma_macrostomum	Lophiostoma	Dothideomycetes
Lizonia_empirigonia_KAF1358040.1	KAF1358040.1	GCA_009982855.1	NotLichen	crm_fused	Lizonia_empirigonia	Lizonia	Dothideomycetes
Lentithecium_fluviatile_KAF2690734.1	KAF2690734.1	GCA_010405425.1	NotLichen	crm_fused	Lentithecium_fluviatile	Lentithecium	Dothideomycetes
Grosmannia_clavigera_EFX05940.1	EFX05940.1	GCA_000143105.2	NotLichen	crm_fused	Grosmannia_clavigera	Grosmannia	Sordariomycetes
fungal_sp_No14919_GAW22020.1	GAW22020.1	GCA_002003505.1	NotLichen	crm_fused	fungal_sp_No14919		
Exserohilum_turcicum_XP_008020935.1	XP_008020935.1	GCF_000359705.1	NotLichen	crm_fused	Exserohilum_turcicum	Exserohilum	Dothideomycetes
Emericellopsis_cladophorae_KAI6779256.1	KAI6779256.1	GCA_022114955.2	NotLichen	crm_fused	Emericellopsis_cladophorae	Emericellopsis	Sordariomycetes
Emericellopsis_atlantica_KAG9253419.1	KAG9253419.1	GCA_019669845.1	NotLichen	crm_fused	Emericellopsis_atlantica	Emericellopsis	Sordariomycetes
Didymosphaeria_enalia_KAF2270327.1	KAF2270327.1	GCA_010094045.1	NotLichen	crm_fused	Didymosphaeria_enalia	Didymosphaeria	Dothideomycetes
Didymosphaeria_enalia_KAF2258812.1	KAF2258812.1	GCA_010094045.1	NotLichen	crm_fused	Didymosphaeria_enalia	Didymosphaeria	Dothideomycetes
Cylindrodendrum_hubeiense_KAF7556944.1	KAF7556944.1	GCA_014621425.1	NotLichen	crm_fused	Cylindrodendrum_hubeiense	Cylindrodendrum	Sordariomycetes
Curvularia_clavata_USP76830.1	USP76830.1	GCA_023920165.1	NotLichen	crm_fused	Curvularia_clavata	Curvularia	Dothideomycetes
Corynespora_cassiicola_PSN69555.1	PSN69555.1	GCA_003016335.1	NotLichen	crm_fused	Corynespora_cassiicola	Corynespora	Dothideomycetes
Corynespora_cassiicola_PSN59019.1	PSN59019.1	GCA_003016335.1	NotLichen	crm_fused	Corynespora_cassiicola	Corynespora	Dothideomycetes
Cordyceps_militaris_EGX88288.1	EGX88288.1	GCA_000225605.1	NotLichen	crm_fused	Cordyceps_militaris	Cordyceps	Sordariomycetes
Cordyceps_javanica_TQW02302.1	TQW02302.1	GCA_006981975.1	NotLichen	crm_fused	Cordyceps_javanica	Cordyceps	Sordariomycetes
Cordyceps_fumosorosea_XP_018700494.1	XP_018700494.1	GCF_001636725.1	NotLichen	crm_fused	Cordyceps_fumosorosea	Cordyceps	Sordariomycetes
Clonostachys_solani_CAH0051384.1	CAH0051384.1	GCA_902141235.2	NotLichen	crm_fused	Clonostachys_solani	Clonostachys	Sordariomycetes
Clonostachys_solani_CAH0048199.1	CAH0048199.1	GCA_902141235.2	NotLichen	crm_fused	Clonostachys_solani	Clonostachys	Sordariomycetes
Clonostachys_rosea_VUC29925.1	VUC29925.1	GCA_902085965.1	NotLichen	crm_fused	Clonostachys_rosea	Clonostachys	Sordariomycetes
Clonostachys_rosea_VUC22207.1	VUC22207.1	GCA_902085965.1	NotLichen	crm_fused	Clonostachys_rosea	Clonostachys	Sordariomycetes
Clonostachys_rhizophaga_CAH0023179.1	CAH0023179.1	GCA_902077795.2	NotLichen	crm_fused	Clonostachys_rhizophaga	Clonostachys	Sordariomycetes
Clonostachys_rhizophaga_CAH0016865.1	CAH0016865.1	GCA_902077795.2	NotLichen	crm_fused	Clonostachys_rhizophaga	Clonostachys	Sordariomycetes
Clonostachys_byssicola_CAG9985190.1	CAG9985190.1	GCA_902006505.2	NotLichen	crm_fused	Clonostachys_byssicola	Clonostachys	Sordariomycetes
Clonostachys_byssicola_CAG9975145.1	CAG9975145.1	GCA_902006505.2	NotLichen	crm_fused	Clonostachys_byssicola	Clonostachys	Sordariomycetes
Clathrospora_elynae_KAF1934949.1	KAF1934949.1	GCA_010015635.1	NotLichen	crm_fused	Clathrospora_elynae	Clathrospora	Dothideomycetes
Cladophialophora_psammophila_XP_007744155.1	XP_007744155.1	GCF_000585535.1	NotLichen	crm_fused	Cladophialophora_psammophila	Cladophialophora	Eurotiomycetes
Chaetothyriales_sp_CBS_135597_RMZ77957.1	RMZ77957.1	GCA_003709825.1	NotLichen	crm_fused	Chaetothyriales_sp_CBS_135597		Eurotiomycetes
Chaetothyriales_sp_CBS_134920_RMD43204.1	RMD43204.1	GCA_003693665.1	NotLichen	crm_fused	Chaetothyriales_sp_CBS_134920		Eurotiomycetes
Cenococcum_geophilum_OCK97870.1	OCK97870.1	GCA_001692895.1	NotLichen	crm_fused	Cenococcum_geophilum	Cenococcum	Dothideomycetes
Capronia_epimyces_XP_007733780.1	XP_007733780.1	GCF_000585565.1	NotLichen	crm_fused	Capronia_epimyces	Capronia	Eurotiomycetes
Boeremia_exigua_KAH6629308.1	KAH6629308.1	GCA_020726555.1	NotLichen	crm_fused	Boeremia_exigua	Boeremia	Dothideomycetes
Bipolaris_zeicola_XP_007718658.1	XP_007718658.1	GCF_000523435.1	NotLichen	crm_fused	Bipolaris_zeicola	Bipolaris	Dothideomycetes
Bipolaris_zeicola_XP_007717065.1	XP_007717065.1	GCF_000523435.1	NotLichen	crm_fused	Bipolaris_zeicola	Bipolaris	Dothideomycetes
Bipolaris_victoriae_XP_014558639.1	XP_014558639.1	GCF_000527765.1	NotLichen	crm_fused	Bipolaris_victoriae	Bipolaris	Dothideomycetes
Bipolaris_sorokiniana_XP_007696074.1	XP_007696074.1	GCF_000338995.1	NotLichen	crm_fused	Bipolaris_sorokiniana	Bipolaris	Dothideomycetes
Bipolaris_oryzae_XP_007692129.1	XP_007692129.1	GCF_000523455.1	NotLichen	crm_fused	Bipolaris_oryzae	Bipolaris	Dothideomycetes
Bipolaris_maydis_XP_014072682.1	XP_014072682.1	GCF_000354255.1	NotLichen	crm_fused	Bipolaris_maydis	Bipolaris	Dothideomycetes
Beauveria_brongniartii_OAA35483.1	OAA35483.1	GCA_001636735.1	NotLichen	crm_fused	Beauveria_brongniartii	Beauveria	Sordariomycetes
Beauveria_bassiana_PQK13146.1	PQK13146.1	GCA_001682635.1	NotLichen	crm_fused	Beauveria_bassiana	Beauveria	Sordariomycetes
Astrocystis_sublimbata_KAI0188862.1	KAI0188862.1	GCA_022453515.1	NotLichen	crm_fused	Astrocystis_sublimbata	Astrocystis	Sordariomycetes
Aspergillus_turcosus_RHZ63003.1	RHZ63003.1	GCA_002234965.2	NotLichen	crm_fused	Aspergillus_turcosus	Aspergillus	Eurotiomycetes
Aspergillus_thermomutatus_RHZ54872.1	RHZ54872.1	GCA_002237265.2	NotLichen	crm_fused	Aspergillus_thermomutatus	Aspergillus	Eurotiomycetes
Aspergillus_sclerotioniger_XP_025466311.1	XP_025466311.1	GCF_003184525.1	NotLichen	crm_fused	Aspergillus_sclerotioniger	Aspergillus	Eurotiomycetes
Aspergillus_sclerotiicarbonarius_PYI03572.1	PYI03572.1	GCA_003184635.1	NotLichen	crm_fused	Aspergillus_sclerotiicarbonarius	Aspergillus	Eurotiomycetes
Aspergillus_rambellii_KKK24685.1	KKK24685.1	GCA_000986645.1	NotLichen	crm_fused	Aspergillus_rambellii	Aspergillus	Eurotiomycetes
Aspergillus_ochraceoroseus_PTU19038.1	PTU19038.1	GCA_002846915.2	NotLichen	crm_fused	Aspergillus_ochraceoroseus	Aspergillus	Eurotiomycetes
Aspergillus_lentulus_GFF71240.1	GFF71240.1	GCA_010724915.1	NotLichen	crm_fused	Aspergillus_lentulus	Aspergillus	Eurotiomycetes
Aspergillus_hiratsukae_KAF7133698.1	KAF7133698.1	GCA_014281905.1	NotLichen	crm_fused	Aspergillus_hiratsukae	Aspergillus	Eurotiomycetes
Aspergillus_fumigatus_XP_754255.1	XP_754255.1	GCF_000002655.1	NotLichen	crm_fused	Aspergillus_fumigatus	Aspergillus	Eurotiomycetes
Aspergillus_fumigatiaffinis_KAF4248699.1	KAF4248699.1	GCA_012656225.1	NotLichen	crm_fused	Aspergillus_fumigatiaffinis	Aspergillus	Eurotiomycetes
Aspergillus_fischeri_EAW21206.1	EAW21206.1	GCA_000149645.3	NotLichen	crm_fused	Aspergillus_fischeri	Aspergillus	Eurotiomycetes
Aspergillus_carbonarius_OOF98727.1	OOF98727.1	GCA_001990825.1	NotLichen	crm_fused	Aspergillus_carbonarius	Aspergillus	Eurotiomycetes
Ascochyta_lentis_KAF9691933.1	KAF9691933.1	GCA_004011705.1	NotLichen	crm_fused	Ascochyta_lentis	Ascochyta	Dothideomycetes
Arthroderma_uncinatum_XP_033408357.1	XP_033408357.1	GCF_011692745.1	NotLichen	crm_fused	Arthroderma_uncinatum	Arthroderma	Eurotiomycetes
Amniculicola_lignicola_KAF2001389.1	KAF2001389.1	GCA_010015725.1	NotLichen	crm_fused	Amniculicola_lignicola	Amniculicola	Dothideomycetes
Alternaria_viburni_XP_049205494.1	XP_049205494.1	GCF_023758015.1	NotLichen	crm_fused	Alternaria_viburni	Alternaria	Dothideomycetes
Alternaria_ventricosa_XP_049202952.1	XP_049202952.1	GCF_023758065.1	NotLichen	crm_fused	Alternaria_ventricosa	Alternaria	Dothideomycetes
Alternaria_triticimaculans_XP_049219272.1	XP_049219272.1	GCF_023758025.1	NotLichen	crm_fused	Alternaria_triticimaculans	Alternaria	Dothideomycetes
Alternaria_tenuissima_RYN54236.1	RYN54236.1	GCA_004154735.1	NotLichen	crm_fused	Alternaria_tenuissima	Alternaria	Dothideomycetes
Alternaria_sp_MG1_RII22453.1	RII22453.1	GCA_003574525.1	NotLichen	crm_fused	Alternaria_sp_MG1	Alternaria	Dothideomycetes
Alternaria_sp_BMP_2799_KAI4676254.1	KAI4676254.1	GCA_023758145.1	NotLichen	crm_fused	Alternaria_sp_BMP_2799	Alternaria	Dothideomycetes
Alternaria_sp_BMP_0032_KAI4606514.1	KAI4606514.1	GCA_023758005.1	NotLichen	crm_fused	Alternaria_sp_BMP_0032	Alternaria	Dothideomycetes
Alternaria_sp_Ai002NY15_KAI4703537.1	KAI4703537.1	GCA_023758125.1	NotLichen	crm_fused	Alternaria_sp_Ai002NY15	Alternaria	Dothideomycetes
Alternaria_rosae_XP_046029353.1	XP_046029353.1	GCF_020736505.1	NotLichen	crm_fused	Alternaria_rosae	Alternaria	Dothideomycetes
Alternaria_postmessia_KAI5365607.1	KAI5365607.1	GCA_024291825.1	NotLichen	crm_fused	Alternaria_postmessia	Alternaria	Dothideomycetes
Alternaria_panax_KAG9185431.1	KAG9185431.1	GCA_019702505.1	NotLichen	crm_fused	Alternaria_panax	Alternaria	Dothideomycetes
Alternaria_novaezelandiae_XP_049249900.1	XP_049249900.1	GCF_023758075.1	NotLichen	crm_fused	Alternaria_novaezelandiae	Alternaria	Dothideomycetes
Alternaria_metachromatica_XP_049184125.1	XP_049184125.1	GCF_023757995.1	NotLichen	crm_fused	Alternaria_metachromatica	Alternaria	Dothideomycetes
Alternaria_infectoria_KAI4912202.1	KAI4912202.1	GCA_024043175.1	NotLichen	crm_fused	Alternaria_infectoria	Alternaria	Dothideomycetes
Alternaria_incomplexa_KAI4906425.1	KAI4906425.1	GCA_024043165.1	NotLichen	crm_fused	Alternaria_incomplexa	Alternaria	Dothideomycetes
Alternaria_hordeiaustralica_XP_049239373.1	XP_049239373.1	GCF_023758085.1	NotLichen	crm_fused	Alternaria_hordeiaustralica	Alternaria	Dothideomycetes
Alternaria_gaisen_KAB2098972.1	KAB2098972.1	GCA_004156025.2	NotLichen	crm_fused	Alternaria_gaisen	Alternaria	Dothideomycetes
Alternaria_ethzedia_XP_049228601.1	XP_049228601.1	GCF_023757985.1	NotLichen	crm_fused	Alternaria_ethzedia	Alternaria	Dothideomycetes
Alternaria_conjuncta_KAI4912347.1	KAI4912347.1	GCA_024043145.1	NotLichen	crm_fused	Alternaria_conjuncta	Alternaria	Dothideomycetes
Alternaria_burnsii_XP_038781501.1	XP_038781501.1	GCF_013036055.1	NotLichen	crm_fused	Alternaria_burnsii	Alternaria	Dothideomycetes
Alternaria_atra_XP_043172905.1	XP_043172905.1	GCF_907166805.1	NotLichen	crm_fused	Alternaria_atra	Alternaria	Dothideomycetes
Alternaria_arbusti_KAI4940317.1	KAI4940317.1	GCA_024043155.1	NotLichen	crm_fused	Alternaria_arbusti	Alternaria	Dothideomycetes
Alternaria_arborescens_XP_028501020.1	XP_028501020.1	GCF_004154835.1	NotLichen	crm_fused	Alternaria_arborescens	Alternaria	Dothideomycetes
Alternaria_alternata_OWY45736.1	OWY45736.1	GCA_001572055.1	NotLichen	crm_fused	Alternaria_alternata	Alternaria	Dothideomycetes
Akanthomyces_lecanii_OAA72981.1	OAA72981.1	GCA_001636795.1	NotLichen	crm_fused	Akanthomyces_lecanii	Akanthomyces	Sordariomycetes
Zymoseptoria_tritici_SMR58342.1	SMR58342.1	GCA_900184115.1	NotLichen	crm_split	Zymoseptoria_tritici	Zymoseptoria	Dothideomycetes
Zymoseptoria_brevis_KJX94226.1	KJX94226.1	GCA_000966595.1	NotLichen	crm_split	Zymoseptoria_brevis	Zymoseptoria	Dothideomycetes
Zasmidium_cellare_XP_033672322.1	XP_033672322.1	GCF_010093935.1	NotLichen	crm_split	Zasmidium_cellare	Zasmidium	Dothideomycetes
Xylographa_vitiligo_MCJ1315356.1	MCJ1315356.1	GCA_022813765.1	Lichen	crm_split	Xylographa_vitiligo	Xylographa	Lecanoromycetes
Xylographa_soralifera_MCJ1385509.1	MCJ1385509.1	GCA_022813805.1	Lichen	crm_split	Xylographa_soralifera	Xylographa	Lecanoromycetes
Xylographa_parallela_MCJ1419552.1	MCJ1419552.1	GCA_022813825.1	Lichen	crm_split	Xylographa_parallela	Xylographa	Lecanoromycetes
Xylographa_pallens_MCJ1433653.1	MCJ1433653.1	GCA_022813845.1	Lichen	crm_split	Xylographa_pallens	Xylographa	Lecanoromycetes
Xylographa_opegraphella_MCJ1283548.1	MCJ1283548.1	GCA_022813865.1	Lichen	crm_split	Xylographa_opegraphella	Xylographa	Lecanoromycetes
Xylographa_carneopallida_MCJ1294904.1	MCJ1294904.1	GCA_022813885.1	Lichen	crm_split	Xylographa_carneopallida	Xylographa	Lecanoromycetes
Xylographa_bjoerkii_MCJ1387730.1	MCJ1387730.1	GCA_022813905.1	Lichen	crm_split	Xylographa_bjoerkii	Xylographa	Lecanoromycetes
Xylariaceae_sp_FL1019_KAI1268146.1	KAI1268146.1	GCA_022578705.1	NotLichen	crm_split	Xylariaceae_sp_FL1019		Sordariomycetes
Xylaria_sp_FL1042_KAI0429012.1	KAI0429012.1	GCA_022495085.1	NotLichen	crm_split	Xylaria_sp_FL1042	Xylaria	Sordariomycetes
Xanthoria_mediterranea_KAI4087814.1	KAI4087814.1	GCA_023645845.1	Lichen	crm_split	Xanthoria_mediterranea	Xanthoria	Lecanoromycetes
Venturia_nashicola_TID19576.1	TID19576.1	GCA_004522655.2	NotLichen	crm_split	Venturia_nashicola	Venturia	Dothideomycetes
Venturia_inaequalis_KAE9991797.1	KAE9991797.1	GCA_009769405.1	NotLichen	crm_split	Venturia_inaequalis	Venturia	Dothideomycetes
Variospora_aurantia_KAI4148357.1	KAI4148357.1	GCA_023645955.1	Lichen	crm_split	Variospora_aurantia	Variospora	Lecanoromycetes
Usnochroma_carphineum_KAI4132166.1	KAI4132166.1	GCA_023645975.1	Lichen	crm_split	Usnochroma_carphineum	Usnochroma	Lecanoromycetes
Trichoderma_gamsii_XP_018663354.1	XP_018663354.1	GCF_001481775.1	NotLichen	crm_split	Trichoderma_gamsii	Trichoderma	Sordariomycetes
Trichoderma_atroviride_EHK49129.1	EHK49129.1	GCA_000171015.2	NotLichen	crm_split	Trichoderma_atroviride	Trichoderma	Sordariomycetes
Trichoderma_asperellum_XP_024763205.1	XP_024763205.1	GCF_003025105.1	NotLichen	crm_split	Trichoderma_asperellum	Trichoderma	Sordariomycetes
Trichoderma_asperelloides_KAH8130640.1	KAH8130640.1	GCA_021066465.1	NotLichen	crm_split	Trichoderma_asperelloides	Trichoderma	Sordariomycetes
Trichoderma_arundinaceum_RFU76422.1	RFU76422.1	GCA_003012105.1	NotLichen	crm_split	Trichoderma_arundinaceum	Trichoderma	Sordariomycetes
Tothia_fuscella_KAF2420724.1	KAF2420724.1	GCA_010583015.1	NotLichen	crm_split	Tothia_fuscella	Tothia	Dothideomycetes
Thozetella_sp_PMI_491_KAH8880465.1	KAH8880465.1	GCA_021432635.1	NotLichen	crm_split	Thozetella_sp_PMI_491	Thozetella	Sordariomycetes
Thelonectria_olida_KAH6873803.1	KAH6873803.1	GCA_020736575.1	NotLichen	crm_split	Thelonectria_olida	Thelonectria	Sordariomycetes
Teratosphaeria_nubilosa_KAF2764179.1	KAF2764179.1	GCA_010093825.1	NotLichen	crm_split	Teratosphaeria_nubilosa	Teratosphaeria	Dothideomycetes
Teratosphaeria_destructans_KAH9843366.1	KAH9843366.1	GCA_004009835.2	NotLichen	crm_split	Teratosphaeria_destructans	Teratosphaeria	Dothideomycetes
Teloschistes_peruensis_KAI4099322.1	KAI4099322.1	GCA_023645835.1	Lichen	crm_split	Teloschistes_peruensis	Teloschistes	Lecanoromycetes
Teloschistes_flavicans_KAI4244084.1	KAI4244084.1	GCA_023646325.1	Lichen	crm_split	Teloschistes_flavicans	Teloschistes	Lecanoromycetes
Sticta_canariensis_MCJ1428823.1	MCJ1428823.1	GCA_022814045.1	Lichen	crm_split	Sticta_canariensis	Sticta	Lecanoromycetes
Sporothrix_insectorum_OAA59700.1	OAA59700.1	GCA_001636815.1	NotLichen	crm_split	Sporothrix_insectorum	Sporothrix	Sordariomycetes
Seirophora_villosa_KAI4113946.1	KAI4113946.1	GCA_023645815.1	Lichen	crm_split	Seirophora_villosa	Seirophora	Lecanoromycetes
Seirophora_lacunosa_KAI4087435.1	KAI4087435.1	GCA_023645825.1	Lichen	crm_split	Seirophora_lacunosa	Seirophora	Lecanoromycetes
Rhexocercosporidium_sp_MPIPUGEAT0058_KAH7317460.1	KAH7317460.1	GCA_020746875.1	NotLichen	crm_split	Rhexocercosporidium_sp_MPIPUGEAT0058	Rhexocercosporidium	Leotiomycetes
Pseudocercospora_eumusae_KXT02246.1	KXT02246.1	GCA_001578235.1	NotLichen	crm_split	Pseudocercospora_eumusae	Pseudocercospora	Dothideomycetes
Plenodomus_tracheiphilus_KAF2846133.1	KAF2846133.1	GCA_010093695.1	NotLichen	crm_split	Plenodomus_tracheiphilus	Plenodomus	Dothideomycetes
Physcia_stellaris_KAG6999330.1	KAG6999330.1	GCA_018902385.1	Lichen	crm_split	Physcia_stellaris	Physcia	Lecanoromycetes
Phialophora_americana_KIW62366.1	KIW62366.1	GCA_000835435.1	NotLichen	crm_split	Phialophora_americana	Phialophora	Eurotiomycetes
Penicillium_polonicum_OQD71567.1	OQD71567.1	GCA_002072265.1	NotLichen	crm_split	Penicillium_polonicum	Penicillium	Eurotiomycetes
Penicillium_polonicum_OQD71076.1	OQD71076.1	GCA_002072265.1	NotLichen	crm_split	Penicillium_polonicum	Penicillium	Eurotiomycetes
Penicillium_griseofulvum_XP_040649206.1	XP_040649206.1	GCF_001561935.1	NotLichen	crm_split	Penicillium_griseofulvum	Penicillium	Eurotiomycetes
Peltaster_fructicola_QIX01996.1	QIX01996.1	GCA_001592805.2	NotLichen	crm_split	Peltaster_fructicola	Peltaster	Dothideomycetes
Paraphaeosphaeria_sporulosa_XP_018033692.1	XP_018033692.1	GCF_001642045.1	NotLichen	crm_split	Paraphaeosphaeria_sporulosa	Paraphaeosphaeria	Dothideomycetes
Oidiodendron_maius_KIM94082.1	KIM94082.1	GCA_000827325.1	NotLichen	crm_split	Oidiodendron_maius	Oidiodendron	Leotiomycetes
Niorma_chrysophthalma_KAI4198521.1	KAI4198521.1	GCA_023646055.1	Lichen	crm_split	Niorma_chrysophthalma	Niorma	Lecanoromycetes
Nannizzia_gypsea_XP_003171295.1	XP_003171295.1	GCF_000150975.2	NotLichen	crm_split	Nannizzia_gypsea	Nannizzia	Eurotiomycetes
Myriangium_duriaei_KAF2154528.1	KAF2154528.1	GCA_010093895.1	NotLichen	crm_split	Myriangium_duriaei	Myriangium	Dothideomycetes
Monosporascus_sp_mg162_RYP43739.1	RYP43739.1	GCA_004155945.1	NotLichen	crm_split	Monosporascus_sp_mg162	Monosporascus	Sordariomycetes
Monosporascus_sp_MC138B_RYP33553.1	RYP33553.1	GCA_004154975.1	NotLichen	crm_split	Monosporascus_sp_MC138B	Monosporascus	Sordariomycetes
Monosporascus_sp_GIB2_RYP15306.1	RYP15306.1	GCA_004155935.1	NotLichen	crm_split	Monosporascus_sp_GIB2	Monosporascus	Sordariomycetes
Monosporascus_sp_CRB92_RYP71971.1	RYP71971.1	GCA_004155915.1	NotLichen	crm_split	Monosporascus_sp_CRB92	Monosporascus	Sordariomycetes
Monosporascus_sp_CRB83_RYP62964.1	RYP62964.1	GCA_004155055.1	NotLichen	crm_split	Monosporascus_sp_CRB83	Monosporascus	Sordariomycetes
Monosporascus_sp_5C6A_RYP70480.1	RYP70480.1	GCA_004155035.1	NotLichen	crm_split	Monosporascus_sp_5C6A	Monosporascus	Sordariomycetes
Monosporascus_ibericus_RYP10553.1	RYP10553.1	GCA_004154915.1	NotLichen	crm_split	Monosporascus_ibericus	Monosporascus	Sordariomycetes
Monosporascus_cannonballus_RYO82912.1	RYO82912.1	GCA_004154925.1	NotLichen	crm_split	Monosporascus_cannonballus	Monosporascus	Sordariomycetes
Moelleriella_libera_KZZ97446.1	KZZ97446.1	GCA_001636675.1	NotLichen	crm_split	Moelleriella_libera	Moelleriella	Sordariomycetes
Microdochium_trichocladiopsis_XP_046010845.1	XP_046010845.1	GCF_020744255.1	NotLichen	crm_split	Microdochium_trichocladiopsis	Microdochium	Sordariomycetes
Lophiostoma_macrostomum_KAF2648716.1	KAF2648716.1	GCA_010405375.1	NotLichen	crm_split	Lophiostoma_macrostomum	Lophiostoma	Dothideomycetes
Lindgomyces_ingoldianus_XP_033541384.1	XP_033541384.1	GCF_010093535.1	NotLichen	crm_split	Lindgomyces_ingoldianus	Lindgomyces	Dothideomycetes
Letrouitia_leprolyta_KAI4183818.1	KAI4183818.1	GCA_023646175.1	Lichen	crm_split	Letrouitia_leprolyta	Letrouitia	Lecanoromycetes
Letrouitia_leprolyta_KAI4180083.1	KAI4180083.1	GCA_023646175.1	Lichen	crm_split	Letrouitia_leprolyta	Letrouitia	Lecanoromycetes
Leptosphaeria_maculans_KAH9869828.1	KAH9869828.1	GCA_022343315.1	NotLichen	crm_split	Leptosphaeria_maculans	Leptosphaeria	Dothideomycetes
Leptosphaeria_biglobosa_KAH9861367.1	KAH9861367.1	GCA_022343325.1	NotLichen	crm_split	Leptosphaeria_biglobosa	Leptosphaeria	Dothideomycetes
Karstenula_rhodostoma_KAF2439236.1	KAF2439236.1	GCA_010093485.1	NotLichen	crm_split	Karstenula_rhodostoma	Karstenula	Dothideomycetes
Ilyonectria_sp_MPICAGEAT0026_KAH6981583.1	KAH6981583.1	GCA_020744155.1	NotLichen	crm_split	Ilyonectria_sp_MPICAGEAT0026	Ilyonectria	Sordariomycetes
Ilyonectria_sp_MPICAGEAT0026_KAH6957910.1	KAH6957910.1	GCA_020744155.1	NotLichen	crm_split	Ilyonectria_sp_MPICAGEAT0026	Ilyonectria	Sordariomycetes
Ilyonectria_destructans_KAH6999779.1	KAH6999779.1	GCA_020740775.1	NotLichen	crm_split	Ilyonectria_destructans	Ilyonectria	Sordariomycetes
Ilyonectria_destructans_KAH6987035.1	KAH6987035.1	GCA_020740775.1	NotLichen	crm_split	Ilyonectria_destructans	Ilyonectria	Sordariomycetes
Ilyonectria_destructans_KAH6982672.1	KAH6982672.1	GCA_020740775.1	NotLichen	crm_split	Ilyonectria_destructans	Ilyonectria	Sordariomycetes
Icmadophila_ericetorum_MCJ1354734.1	MCJ1354734.1	GCA_022814295.1	Lichen	crm_split	Icmadophila_ericetorum	Icmadophila	Lecanoromycetes
Hymenoscyphus_fraxineus_CAG8961937.1	CAG8961937.1	GCA_911649665.1	NotLichen	crm_split	Hymenoscyphus_fraxineus	Hymenoscyphus	Leotiomycetes
Hyaloscypha_sp_PMI_1271_KAH8748816.1	KAH8748816.1	GCA_021399465.1	NotLichen	crm_split	Hyaloscypha_sp_PMI_1271	Hyaloscypha	Leotiomycetes
Hyaloscypha_finlandica_KAH8767596.1	KAH8767596.1	GCA_021399475.1	NotLichen	crm_split	Hyaloscypha_finlandica	Hyaloscypha	Leotiomycetes
Gyalolechia_ehrenbergii_KAI4175355.1	KAI4175355.1	GCA_023646125.1	Lichen	crm_split	Gyalolechia_ehrenbergii	Gyalolechia	Lecanoromycetes
Gyalolechia_ehrenbergii_KAI4167697.1	KAI4167697.1	GCA_023646125.1	Lichen	crm_split	Gyalolechia_ehrenbergii	Gyalolechia	Lecanoromycetes
Glarea_lozoyensis_XP_008080495.1	XP_008080495.1	GCF_000409485.1	NotLichen	crm_split	Glarea_lozoyensis	Glarea	Leotiomycetes
Glarea_lozoyensis_XP_008078389.1	XP_008078389.1	GCF_000409485.1	NotLichen	crm_split	Glarea_lozoyensis	Glarea	Leotiomycetes
Fusarium_xylarioides_KAG5781079.1	KAG5781079.1	GCA_018296245.1	NotLichen	crm_split	Fusarium_xylarioides	Fusarium	Sordariomycetes
Fusarium_xylarioides_KAG5780775.1	KAG5780775.1	GCA_018296245.1	NotLichen	crm_split	Fusarium_xylarioides	Fusarium	Sordariomycetes
Fusarium_xylarioides_KAG5773905.1	KAG5773905.1	GCA_018296245.1	NotLichen	crm_split	Fusarium_xylarioides	Fusarium	Sordariomycetes
Fusarium_verticillioides_RBQ68773.1	RBQ68773.1	GCA_003316975.2	NotLichen	crm_split	Fusarium_verticillioides	Fusarium	Sordariomycetes
Fusarium_venenatum_KAH6993713.1	KAH6993713.1	GCA_020744135.1	NotLichen	crm_split	Fusarium_venenatum	Fusarium	Sordariomycetes
Fusarium_venenatum_KAH6991831.1	KAH6991831.1	GCA_020744135.1	NotLichen	crm_split	Fusarium_venenatum	Fusarium	Sordariomycetes
Fusarium_tjaetaba_XP_037206995.1	XP_037206995.1	GCF_013396195.1	NotLichen	crm_split	Fusarium_tjaetaba	Fusarium	Sordariomycetes
Fusarium_tjaetaba_XP_037203803.1	XP_037203803.1	GCF_013396195.1	NotLichen	crm_split	Fusarium_tjaetaba	Fusarium	Sordariomycetes
Fusarium_subglutinans_XP_036542832.1	XP_036542832.1	GCF_013396075.1	NotLichen	crm_split	Fusarium_subglutinans	Fusarium	Sordariomycetes
Fusarium_subglutinans_XP_036540338.1	XP_036540338.1	GCF_013396075.1	NotLichen	crm_split	Fusarium_subglutinans	Fusarium	Sordariomycetes
Fusarium_sporotrichioides_RGP74564.1	RGP74564.1	GCA_003012315.1	NotLichen	crm_split	Fusarium_sporotrichioides	Fusarium	Sordariomycetes
Fusarium_sporotrichioides_RGP67292.1	RGP67292.1	GCA_003012315.1	NotLichen	crm_split	Fusarium_sporotrichioides	Fusarium	Sordariomycetes
Fusarium_sp_NRRL_52700_KAF5635996.1	KAF5635996.1	GCA_013396095.1	NotLichen	crm_split	Fusarium_sp_NRRL_52700	Fusarium	Sordariomycetes
Fusarium_sp_NRRL_52700_KAF5624377.1	KAF5624377.1	GCA_013396095.1	NotLichen	crm_split	Fusarium_sp_NRRL_52700	Fusarium	Sordariomycetes
Fusarium_sp_NRRL_25303_KAF5655010.1	KAF5655010.1	GCA_013396255.1	NotLichen	crm_split	Fusarium_sp_NRRL_25303	Fusarium	Sordariomycetes
Fusarium_sp_NRRL_25303_KAF5651975.1	KAF5651975.1	GCA_013396255.1	NotLichen	crm_split	Fusarium_sp_NRRL_25303	Fusarium	Sordariomycetes
Fusarium_sp_NRRL_25303_KAF5644391.1	KAF5644391.1	GCA_013396255.1	NotLichen	crm_split	Fusarium_sp_NRRL_25303	Fusarium	Sordariomycetes
Fusarium_sp_MPISDFRAT0072_KAH7154172.1	KAH7154172.1	GCA_020744335.1	NotLichen	crm_split	Fusarium_sp_MPISDFRAT0072	Fusarium	Sordariomycetes
Fusarium_sp_MPISDFRAT0072_KAH7147702.1	KAH7147702.1	GCA_020744335.1	NotLichen	crm_split	Fusarium_sp_MPISDFRAT0072	Fusarium	Sordariomycetes
Fusarium_sp_FIESC_RH6_KAI1060860.1	KAI1060860.1	GCA_022627095.1	NotLichen	crm_split	Fusarium_sp_FIESC_RH6	Fusarium	Sordariomycetes
Fusarium_sp_DS_682_KAF9766432.1	KAF9766432.1	GCA_014764975.1	NotLichen	crm_split	Fusarium_sp_DS_682	Fusarium	Sordariomycetes
Fusarium_sp_AF6_RSL38658.1	RSL38658.1	GCA_003947015.1	NotLichen	crm_split	Fusarium_sp_AF6	Fusarium	Sordariomycetes
Fusarium_sp_AF4_RSL80048.1	RSL80048.1	GCA_003946995.1	NotLichen	crm_split	Fusarium_sp_AF4	Fusarium	Sordariomycetes
Fusarium_sarcochroum_KAF4945803.1	KAF4945803.1	GCA_013266185.1	NotLichen	crm_split	Fusarium_sarcochroum	Fusarium	Sordariomycetes
Fusarium_redolens_XP_046045062.1	XP_046045062.1	GCF_020744475.1	NotLichen	crm_split	Fusarium_redolens	Fusarium	Sordariomycetes
Fusarium_pseudograminearum_KAF0639056.1	KAF0639056.1	GCA_001703955.2	NotLichen	crm_split	Fusarium_pseudograminearum	Fusarium	Sordariomycetes
Fusarium_pseudograminearum_KAF0638021.1	KAF0638021.1	GCA_001703955.2	NotLichen	crm_split	Fusarium_pseudograminearum	Fusarium	Sordariomycetes
Fusarium_pseudocircinatum_KAF5598634.1	KAF5598634.1	GCA_013396035.1	NotLichen	crm_split	Fusarium_pseudocircinatum	Fusarium	Sordariomycetes
Fusarium_pseudocircinatum_KAF5597654.1	KAF5597654.1	GCA_013396035.1	NotLichen	crm_split	Fusarium_pseudocircinatum	Fusarium	Sordariomycetes
Fusarium_pseudocircinatum_KAF5597174.1	KAF5597174.1	GCA_013396035.1	NotLichen	crm_split	Fusarium_pseudocircinatum	Fusarium	Sordariomycetes
Fusarium_pseudoanthophilum_KAF5589599.1	KAF5589599.1	GCA_013395995.1	NotLichen	crm_split	Fusarium_pseudoanthophilum	Fusarium	Sordariomycetes
Fusarium_pseudoanthophilum_KAF5579085.1	KAF5579085.1	GCA_013395995.1	NotLichen	crm_split	Fusarium_pseudoanthophilum	Fusarium	Sordariomycetes
Fusarium_proliferatum_RKL44237.1	RKL44237.1	GCA_003615215.1	NotLichen	crm_split	Fusarium_proliferatum	Fusarium	Sordariomycetes
Fusarium_proliferatum_RKL38792.1	RKL38792.1	GCA_003615215.1	NotLichen	crm_split	Fusarium_proliferatum	Fusarium	Sordariomycetes
Fusarium_poae_OBS25041.1	OBS25041.1	GCA_001675295.1	NotLichen	crm_split	Fusarium_poae	Fusarium	Sordariomycetes
Fusarium_poae_OBS23239.1	OBS23239.1	GCA_001675295.1	NotLichen	crm_split	Fusarium_poae	Fusarium	Sordariomycetes
Fusarium_phyllophilum_KAF5565681.1	KAF5565681.1	GCA_013396025.1	NotLichen	crm_split	Fusarium_phyllophilum	Fusarium	Sordariomycetes
Fusarium_phyllophilum_KAF5556118.1	KAF5556118.1	GCA_013396025.1	NotLichen	crm_split	Fusarium_phyllophilum	Fusarium	Sordariomycetes
Fusarium_oxysporum_TVY68270.1	TVY68270.1	GCA_005930515.1	NotLichen	crm_split	Fusarium_oxysporum	Fusarium	Sordariomycetes
Fusarium_oxysporum_TVY60241.1	TVY60241.1	GCA_005930515.1	NotLichen	crm_split	Fusarium_oxysporum	Fusarium	Sordariomycetes
Fusarium_odoratissimum_EMT71253.1	EMT71253.1	GCA_000350365.1	NotLichen	crm_split	Fusarium_odoratissimum	Fusarium	Sordariomycetes
Fusarium_odoratissimum_EMT69002.1	EMT69002.1	GCA_000350365.1	NotLichen	crm_split	Fusarium_odoratissimum	Fusarium	Sordariomycetes
Fusarium_nygamai_PNP83832.1	PNP83832.1	GCA_002894225.1	NotLichen	crm_split	Fusarium_nygamai	Fusarium	Sordariomycetes
Fusarium_nygamai_PNP81104.1	PNP81104.1	GCA_002894225.1	NotLichen	crm_split	Fusarium_nygamai	Fusarium	Sordariomycetes
Fusarium_napiforme_KAF5565220.1	KAF5565220.1	GCA_013396005.1	NotLichen	crm_split	Fusarium_napiforme	Fusarium	Sordariomycetes
Fusarium_musae_XP_044675053.1	XP_044675053.1	GCF_019915245.1	NotLichen	crm_split	Fusarium_musae	Fusarium	Sordariomycetes
Fusarium_mundagurra_KAF5715931.1	KAF5715931.1	GCA_013396205.1	NotLichen	crm_split	Fusarium_mundagurra	Fusarium	Sordariomycetes
Fusarium_mexicanum_KAF5557415.1	KAF5557415.1	GCA_013396015.1	NotLichen	crm_split	Fusarium_mexicanum	Fusarium	Sordariomycetes
Fusarium_mexicanum_KAF5549363.1	KAF5549363.1	GCA_013396015.1	NotLichen	crm_split	Fusarium_mexicanum	Fusarium	Sordariomycetes
Fusarium_mexicanum_KAF5539464.1	KAF5539464.1	GCA_013396015.1	NotLichen	crm_split	Fusarium_mexicanum	Fusarium	Sordariomycetes
Fusarium_mangiferae_XP_041688450.1	XP_041688450.1	GCF_900044065.1	NotLichen	crm_split	Fusarium_mangiferae	Fusarium	Sordariomycetes
Fusarium_mangiferae_XP_041683487.1	XP_041683487.1	GCF_900044065.1	NotLichen	crm_split	Fusarium_mangiferae	Fusarium	Sordariomycetes
Fusarium_longipes_RGP80030.1	RGP80030.1	GCA_003012285.1	NotLichen	crm_split	Fusarium_longipes	Fusarium	Sordariomycetes
Fusarium_langsethiae_GKU06937.1	GKU06937.1	GCA_022180325.1	NotLichen	crm_split	Fusarium_langsethiae	Fusarium	Sordariomycetes
Fusarium_langsethiae_GKU06936.1	GKU06936.1	GCA_022180325.1	NotLichen	crm_split	Fusarium_langsethiae	Fusarium	Sordariomycetes
Fusarium_langsethiae_GKU06935.1	GKU06935.1	GCA_022180325.1	NotLichen	crm_split	Fusarium_langsethiae	Fusarium	Sordariomycetes
Fusarium_langsethiae_GKU06934.1	GKU06934.1	GCA_022180325.1	NotLichen	crm_split	Fusarium_langsethiae	Fusarium	Sordariomycetes
Fusarium_langsethiae_GKU05918.1	GKU05918.1	GCA_022180325.1	NotLichen	crm_split	Fusarium_langsethiae	Fusarium	Sordariomycetes
Fusarium_kuroshium_RMJ02431.1	RMJ02431.1	GCA_003698175.1	NotLichen	crm_split	Fusarium_kuroshium	Fusarium	Sordariomycetes
Fusarium_heterosporum_KAF5670104.1	KAF5670104.1	GCA_013396295.1	NotLichen	crm_split	Fusarium_heterosporum	Fusarium	Sordariomycetes
Fusarium_graminum_KAF4996655.1	KAF4996655.1	GCA_013266165.1	NotLichen	crm_split	Fusarium_graminum	Fusarium	Sordariomycetes
Fusarium_graminearum_CEF78593.1	CEF78593.1	GCA_900044135.1	NotLichen	crm_split	Fusarium_graminearum	Fusarium	Sordariomycetes
Fusarium_graminearum_CEF76457.1	CEF76457.1	GCA_900044135.1	NotLichen	crm_split	Fusarium_graminearum	Fusarium	Sordariomycetes
Fusarium_globosum_KAF5716866.1	KAF5716866.1	GCA_013396165.1	NotLichen	crm_split	Fusarium_globosum	Fusarium	Sordariomycetes
Fusarium_globosum_KAF5707539.1	KAF5707539.1	GCA_013396165.1	NotLichen	crm_split	Fusarium_globosum	Fusarium	Sordariomycetes
Fusarium_gaditjirri_KAF4961576.1	KAF4961576.1	GCA_013266175.1	NotLichen	crm_split	Fusarium_gaditjirri	Fusarium	Sordariomycetes
Fusarium_gaditjirri_KAF4961245.1	KAF4961245.1	GCA_013266175.1	NotLichen	crm_split	Fusarium_gaditjirri	Fusarium	Sordariomycetes
Fusarium_fujikuroi_QGI70962.1	QGI70962.1	GCA_009663055.1	NotLichen	crm_split	Fusarium_fujikuroi	Fusarium	Sordariomycetes
Fusarium_fujikuroi_QGI70076.1	QGI70076.1	GCA_009663055.1	NotLichen	crm_split	Fusarium_fujikuroi	Fusarium	Sordariomycetes
Fusarium_floridanum_RSL42173.1	RSL42173.1	GCA_003947005.1	NotLichen	crm_split	Fusarium_floridanum	Fusarium	Sordariomycetes
Fusarium_flagelliforme_RFN52729.1	RFN52729.1	GCA_003012295.1	NotLichen	crm_split	Fusarium_flagelliforme	Fusarium	Sordariomycetes
Fusarium_euwallaceae_RTE69455.1	RTE69455.1	GCA_003957675.1	NotLichen	crm_split	Fusarium_euwallaceae	Fusarium	Sordariomycetes
Fusarium_equiseti_CAG7559789.1	CAG7559789.1	GCA_910393935.1	NotLichen	crm_split	Fusarium_equiseti	Fusarium	Sordariomycetes
Fusarium_denticulatum_KAF5695109.1	KAF5695109.1	GCA_013396175.1	NotLichen	crm_split	Fusarium_denticulatum	Fusarium	Sordariomycetes
Fusarium_denticulatum_KAF5687171.1	KAF5687171.1	GCA_013396175.1	NotLichen	crm_split	Fusarium_denticulatum	Fusarium	Sordariomycetes
Fusarium_denticulatum_KAF5685303.1	KAF5685303.1	GCA_013396175.1	NotLichen	crm_split	Fusarium_denticulatum	Fusarium	Sordariomycetes
Fusarium_decemcellulare_KAF5013928.1	KAF5013928.1	GCA_013266205.1	NotLichen	crm_split	Fusarium_decemcellulare	Fusarium	Sordariomycetes
Fusarium_decemcellulare_KAF4996083.1	KAF4996083.1	GCA_013266205.1	NotLichen	crm_split	Fusarium_decemcellulare	Fusarium	Sordariomycetes
Fusarium_decemcellulare_KAF4986365.1	KAF4986365.1	GCA_013266205.1	NotLichen	crm_split	Fusarium_decemcellulare	Fusarium	Sordariomycetes
Fusarium_culmorum_PTD07808.1	PTD07808.1	GCA_003033665.1	NotLichen	crm_split	Fusarium_culmorum	Fusarium	Sordariomycetes
Fusarium_culmorum_PTD02183.1	PTD02183.1	GCA_003033665.1	NotLichen	crm_split	Fusarium_culmorum	Fusarium	Sordariomycetes
Fusarium_coicis_KAF5981078.1	KAF5981078.1	GCA_013781345.1	NotLichen	crm_split	Fusarium_coicis	Fusarium	Sordariomycetes
Fusarium_coffeatum_XP_031016707.1	XP_031016707.1	GCF_003316985.1	NotLichen	crm_split	Fusarium_coffeatum	Fusarium	Sordariomycetes
Fusarium_circinatum_KAF5691721.1	KAF5691721.1	GCA_013396185.1	NotLichen	crm_split	Fusarium_circinatum	Fusarium	Sordariomycetes
Fusarium_circinatum_KAF5686003.1	KAF5686003.1	GCA_013396185.1	NotLichen	crm_split	Fusarium_circinatum	Fusarium	Sordariomycetes
Fusarium_circinatum_KAF5663859.1	KAF5663859.1	GCA_013396185.1	NotLichen	crm_split	Fusarium_circinatum	Fusarium	Sordariomycetes
Fusarium_chuoi_KAI1021067.1	KAI1021067.1	GCA_022627125.1	NotLichen	crm_split	Fusarium_chuoi	Fusarium	Sordariomycetes
Fusarium_chuoi_KAI1018634.1	KAI1018634.1	GCA_022627125.1	NotLichen	crm_split	Fusarium_chuoi	Fusarium	Sordariomycetes
Fusarium_chuoi_KAI1016346.1	KAI1016346.1	GCA_022627125.1	NotLichen	crm_split	Fusarium_chuoi	Fusarium	Sordariomycetes
Fusarium_bulbicola_KAF5980293.1	KAF5980293.1	GCA_013758895.1	NotLichen	crm_split	Fusarium_bulbicola	Fusarium	Sordariomycetes
Fusarium_bulbicola_KAF5979540.1	KAF5979540.1	GCA_013758895.1	NotLichen	crm_split	Fusarium_bulbicola	Fusarium	Sordariomycetes
Fusarium_bulbicola_KAF5977410.1	KAF5977410.1	GCA_013758895.1	NotLichen	crm_split	Fusarium_bulbicola	Fusarium	Sordariomycetes
Fusarium_beomiforme_KAF4345084.1	KAF4345084.1	GCA_002980475.2	NotLichen	crm_split	Fusarium_beomiforme	Fusarium	Sordariomycetes
Fusarium_austroamericanum_KAF5238438.1	KAF5238438.1	GCA_013364965.1	NotLichen	crm_split	Fusarium_austroamericanum	Fusarium	Sordariomycetes
Fusarium_austroamericanum_KAF5236166.1	KAF5236166.1	GCA_013364965.1	NotLichen	crm_split	Fusarium_austroamericanum	Fusarium	Sordariomycetes
Fusarium_austroafricanum_KAF4454196.1	KAF4454196.1	GCA_012932025.1	NotLichen	crm_split	Fusarium_austroafricanum	Fusarium	Sordariomycetes
Fusarium_anthophilum_KAF5254628.1	KAF5254628.1	GCA_013364935.1	NotLichen	crm_split	Fusarium_anthophilum	Fusarium	Sordariomycetes
Fusarium_anthophilum_KAF5250788.1	KAF5250788.1	GCA_013364935.1	NotLichen	crm_split	Fusarium_anthophilum	Fusarium	Sordariomycetes
Fusarium_anthophilum_KAF5249351.1	KAF5249351.1	GCA_013364935.1	NotLichen	crm_split	Fusarium_anthophilum	Fusarium	Sordariomycetes
Fusarium_annulatum_KAI1066448.1	KAI1066448.1	GCA_022627115.1	NotLichen	crm_split	Fusarium_annulatum	Fusarium	Sordariomycetes
Fusarium_annulatum_KAI1064557.1	KAI1064557.1	GCA_022627115.1	NotLichen	crm_split	Fusarium_annulatum	Fusarium	Sordariomycetes
Fusarium_albosuccineum_KAF4467009.1	KAF4467009.1	GCA_012931995.1	NotLichen	crm_split	Fusarium_albosuccineum	Fusarium	Sordariomycetes
Fusarium_albosuccineum_KAF4463403.1	KAF4463403.1	GCA_012931995.1	NotLichen	crm_split	Fusarium_albosuccineum	Fusarium	Sordariomycetes
Fusarium_albosuccineum_KAF4446553.1	KAF4446553.1	GCA_012931995.1	NotLichen	crm_split	Fusarium_albosuccineum	Fusarium	Sordariomycetes
Fusarium_agapanthi_KAF4500681.1	KAF4500681.1	GCA_001654555.2	NotLichen	crm_split	Fusarium_agapanthi	Fusarium	Sordariomycetes
Fonsecaea_pedrosoi_KIW83142.1	KIW83142.1	GCA_000835455.1	NotLichen	crm_split	Fonsecaea_pedrosoi	Fonsecaea	Eurotiomycetes
Fonsecaea_nubica_XP_022496746.1	XP_022496746.1	GCF_001646965.1	NotLichen	crm_split	Fonsecaea_nubica	Fonsecaea	Eurotiomycetes
Fonsecaea_monophora_XP_022517428.1	XP_022517428.1	GCF_001642475.1	NotLichen	crm_split	Fonsecaea_monophora	Fonsecaea	Eurotiomycetes
Exserohilum_turcicum_XP_008022453.1	XP_008022453.1	GCF_000359705.1	NotLichen	crm_split	Exserohilum_turcicum	Exserohilum	Dothideomycetes
Exophiala_oligosperma_XP_016263411.1	XP_016263411.1	GCF_000835515.1	NotLichen	crm_split	Exophiala_oligosperma	Exophiala	Eurotiomycetes
Exophiala_oligosperma_XP_016263410.1	XP_016263410.1	GCF_000835515.1	NotLichen	crm_split	Exophiala_oligosperma	Exophiala	Eurotiomycetes
Exophiala_oligosperma_XP_016263409.1	XP_016263409.1	GCF_000835515.1	NotLichen	crm_split	Exophiala_oligosperma	Exophiala	Eurotiomycetes
Exophiala_aquamarina_XP_013253685.1	XP_013253685.1	GCF_000709125.1	NotLichen	crm_split	Exophiala_aquamarina	Exophiala	Eurotiomycetes
Eutypa_lata_KAI1249352.1	KAI1249352.1	GCA_022712995.1	NotLichen	crm_split	Eutypa_lata	Eutypa	Sordariomycetes
Epichloe_festucae_QPG98315.1	QPG98315.1	GCA_003814445.1	NotLichen	crm_split	Epichloe_festucae	Epichloe	Sordariomycetes
Dactylonectria_macrodidyma_KAH7166366.1	KAH7166366.1	GCA_020744425.1	NotLichen	crm_split	Dactylonectria_macrodidyma	Dactylonectria	Sordariomycetes
Dactylonectria_macrodidyma_KAH7123085.1	KAH7123085.1	GCA_020744425.1	NotLichen	crm_split	Dactylonectria_macrodidyma	Dactylonectria	Sordariomycetes
Dactylonectria_estremocensis_KAH7140155.1	KAH7140155.1	GCA_020744375.1	NotLichen	crm_split	Dactylonectria_estremocensis	Dactylonectria	Sordariomycetes
Dactylonectria_estremocensis_KAH7129550.1	KAH7129550.1	GCA_020744375.1	NotLichen	crm_split	Dactylonectria_estremocensis	Dactylonectria	Sordariomycetes
Cylindrodendrum_hubeiense_KAF7552327.1	KAF7552327.1	GCA_014621425.1	NotLichen	crm_split	Cylindrodendrum_hubeiense	Cylindrodendrum	Sordariomycetes
Cylindrodendrum_hubeiense_KAF7551255.1	KAF7551255.1	GCA_014621425.1	NotLichen	crm_split	Cylindrodendrum_hubeiense	Cylindrodendrum	Sordariomycetes
Colletotrichum_viniferum_KAF4900572.1	KAF4900572.1	GCA_013201765.1	NotLichen	crm_split	Colletotrichum_viniferum	Colletotrichum	Sordariomycetes
Colletotrichum_tropicale_KAF4818126.1	KAF4818126.1	GCA_013201785.1	NotLichen	crm_split	Colletotrichum_tropicale	Colletotrichum	Sordariomycetes
Colletotrichum_trifolii_TDZ36449.1	TDZ36449.1	GCA_004367215.1	NotLichen	crm_split	Colletotrichum_trifolii	Colletotrichum	Sordariomycetes
Colletotrichum_spinosum_TDZ36803.1	TDZ36803.1	GCA_004366825.1	NotLichen	crm_split	Colletotrichum_spinosum	Colletotrichum	Sordariomycetes
Colletotrichum_simmondsii_KXH33807.1	KXH33807.1	GCA_001563135.1	NotLichen	crm_split	Colletotrichum_simmondsii	Colletotrichum	Sordariomycetes
Colletotrichum_siamense_KAF4852209.1	KAF4852209.1	GCA_013201745.1	NotLichen	crm_split	Colletotrichum_siamense	Colletotrichum	Sordariomycetes
Colletotrichum_orbiculare_TDZ16871.1	TDZ16871.1	GCA_000350065.2	NotLichen	crm_split	Colletotrichum_orbiculare	Colletotrichum	Sordariomycetes
Colletotrichum_lupini_XP_049153018.1	XP_049153018.1	GCF_023278565.1	NotLichen	crm_split	Colletotrichum_lupini	Colletotrichum	Sordariomycetes
Colletotrichum_gloeosporioides_KAH9232577.1	KAH9232577.1	GCA_021432615.1	NotLichen	crm_split	Colletotrichum_gloeosporioides	Colletotrichum	Sordariomycetes
Colletotrichum_fructicola_KAF4476606.1	KAF4476606.1	GCA_000319635.2	NotLichen	crm_split	Colletotrichum_fructicola	Colletotrichum	Sordariomycetes
Colletotrichum_filicis_KAI3528183.1	KAI3528183.1	GCA_023376865.1	NotLichen	crm_split	Colletotrichum_filicis	Colletotrichum	Sordariomycetes
Colletotrichum_chlorophyti_OLN87994.1	OLN87994.1	GCA_001937105.1	NotLichen	crm_split	Colletotrichum_chlorophyti	Colletotrichum	Sordariomycetes
Colletotrichum_camelliae_KAH0423460.1	KAH0423460.1	GCA_011947485.2	NotLichen	crm_split	Colletotrichum_camelliae	Colletotrichum	Sordariomycetes
Colletotrichum_asianum_KAF0327436.1	KAF0327436.1	GCA_009806415.1	NotLichen	crm_split	Colletotrichum_asianum	Colletotrichum	Sordariomycetes
Colletotrichum_aenigma_XP_037172021.1	XP_037172021.1	GCF_013390185.1	NotLichen	crm_split	Colletotrichum_aenigma	Colletotrichum	Sordariomycetes
Colletotrichum_abscissum_KAI3559024.1	KAI3559024.1	GCA_023376855.1	NotLichen	crm_split	Colletotrichum_abscissum	Colletotrichum	Sordariomycetes
Coccidioides_posadasii_XP_003072100.1	XP_003072100.1	GCF_000151335.1	NotLichen	crm_split	Coccidioides_posadasii	Coccidioides	Eurotiomycetes
Coccidioides_immitis_TPX20325.1	TPX20325.1	GCA_004115165.2	NotLichen	crm_split	Coccidioides_immitis	Coccidioides	Eurotiomycetes
Clonostachys_solani_CAH0051386.1	CAH0051386.1	GCA_902141235.2	NotLichen	crm_split	Clonostachys_solani	Clonostachys	Sordariomycetes
Clonostachys_rosea_VUC29926.1	VUC29926.1	GCA_902085965.1	NotLichen	crm_split	Clonostachys_rosea	Clonostachys	Sordariomycetes
Clonostachys_rhizophaga_CAH0023177.1	CAH0023177.1	GCA_902077795.2	NotLichen	crm_split	Clonostachys_rhizophaga	Clonostachys	Sordariomycetes
Clonostachys_byssicola_CAG9975143.1	CAG9975143.1	GCA_902006505.2	NotLichen	crm_split	Clonostachys_byssicola	Clonostachys	Sordariomycetes
Clohesyomyces_aquaticus_ORY16214.1	ORY16214.1	GCA_002105025.1	NotLichen	crm_split	Clohesyomyces_aquaticus	Clohesyomyces	Dothideomycetes
Clathrospora_elynae_KAF1945054.1	KAF1945054.1	GCA_010015635.1	NotLichen	crm_split	Clathrospora_elynae	Clathrospora	Dothideomycetes
Cladophialophora_carrionii_ETI29379.1	ETI29379.1	GCA_000365165.2	NotLichen	crm_split	Cladophialophora_carrionii	Cladophialophora	Eurotiomycetes
Chalara_longipes_KAE9374074.1	KAE9374074.1	GCA_009732865.1	NotLichen	crm_split	Chalara_longipes	Chalara	Leotiomycetes
Chalara_longipes_KAE9367491.1	KAE9367491.1	GCA_009732865.1	NotLichen	crm_split	Chalara_longipes	Chalara	Leotiomycetes
Cercospora_zeaemaydis_KAF2216499.1	KAF2216499.1	GCA_010093985.1	NotLichen	crm_split	Cercospora_zeaemaydis	Cercospora	Dothideomycetes
Calycina_marina_KAG9241247.1	KAG9241247.1	GCA_019669825.1	NotLichen	crm_split	Calycina_marina	Calycina	Leotiomycetes
Caloplaca_aetnensis_KAI4176559.1	KAI4176559.1	GCA_023646255.1	Lichen	crm_split	Caloplaca_aetnensis	Caloplaca	Lecanoromycetes
Caloplaca_aegaea_KAI4289415.1	KAI4289415.1	GCA_023646655.1	Lichen	crm_split	Caloplaca_aegaea	Caloplaca	Lecanoromycetes
Botrytis_tulipae_TGO16560.1	TGO16560.1	GCA_004786125.1	NotLichen	crm_split	Botrytis_tulipae	Botrytis	Leotiomycetes
Botrytis_squamosa_KAF7858335.1	KAF7858335.1	GCA_014898485.1	NotLichen	crm_split	Botrytis_squamosa	Botrytis	Leotiomycetes
Botrytis_sinoallii_XP_038762200.1	XP_038762200.1	GCF_014898435.1	NotLichen	crm_split	Botrytis_sinoallii	Botrytis	Leotiomycetes
Botrytis_porri_XP_038772455.1	XP_038772455.1	GCF_014898465.1	NotLichen	crm_split	Botrytis_porri	Botrytis	Leotiomycetes
Botrytis_paeoniae_TGO22376.1	TGO22376.1	GCA_004786145.1	NotLichen	crm_split	Botrytis_paeoniae	Botrytis	Leotiomycetes
Botrytis_hyacinthi_TGO36230.1	TGO36230.1	GCA_004786245.1	NotLichen	crm_split	Botrytis_hyacinthi	Botrytis	Leotiomycetes
Botrytis_galanthina_THV48776.1	THV48776.1	GCA_004916875.1	NotLichen	crm_split	Botrytis_galanthina	Botrytis	Leotiomycetes
Botrytis_fragariae_XP_037195849.1	XP_037195849.1	GCF_013461495.1	NotLichen	crm_split	Botrytis_fragariae	Botrytis	Leotiomycetes
Botrytis_elliptica_TGO64075.1	TGO64075.1	GCA_004786205.1	NotLichen	crm_split	Botrytis_elliptica	Botrytis	Leotiomycetes
Botrytis_deweyae_XP_038805538.1	XP_038805538.1	GCF_014898535.1	NotLichen	crm_split	Botrytis_deweyae	Botrytis	Leotiomycetes
Botrytis_cinerea_EMR88390.1	EMR88390.1	GCA_000349525.1	NotLichen	crm_split	Botrytis_cinerea	Botrytis	Leotiomycetes
Botrytis_byssoidea_XP_038727222.1	XP_038727222.1	GCF_014898295.1	NotLichen	crm_split	Botrytis_byssoidea	Botrytis	Leotiomycetes
Botrytis_aclada_KAF7954133.1	KAF7954133.1	GCA_014898285.1	NotLichen	crm_split	Botrytis_aclada	Botrytis	Leotiomycetes
Botryotinia_narcissicola_TGO50028.1	TGO50028.1	GCA_004786225.1	NotLichen	crm_split	Botryotinia_narcissicola	Botryotinia	Leotiomycetes
Botryotinia_convoluta_TGO48987.1	TGO48987.1	GCA_004786275.1	NotLichen	crm_split	Botryotinia_convoluta	Botryotinia	Leotiomycetes
Botryotinia_calthae_TEY43688.1	TEY43688.1	GCA_004379285.1	NotLichen	crm_split	Botryotinia_calthae	Botryotinia	Leotiomycetes
Bacidia_gigantensis_XP_044664481.1	XP_044664481.1	GCF_019456465.1	Lichen	crm_split	Bacidia_gigantensis	Bacidia	Lecanoromycetes
Aulographum_hederae_KAF1982045.1	KAF1982045.1	GCA_010015705.1	NotLichen	crm_split	Aulographum_hederae	Aulographum	Dothideomycetes
Aspergillus_tanneri_XP_033424409.1	XP_033424409.1	GCF_003426965.1	NotLichen	crm_split	Aspergillus_tanneri	Aspergillus	Eurotiomycetes
Aplosporella_prunicola_XP_033402121.1	XP_033402121.1	GCF_010093885.1	NotLichen	crm_split	Aplosporella_prunicola	Aplosporella	Dothideomycetes
Ampelomyces_quisqualis_KAF1919508.1	KAF1919508.1	GCA_010094095.1	NotLichen	crm_split	Ampelomyces_quisqualis	Ampelomyces	Dothideomycetes
Agyrium_rufum_MCJ1314532.1	MCJ1314532.1	GCA_022814335.1	Lichen	crm_split	Agyrium_rufum	Agyrium	Lecanoromycetes
Agyrium_rufum_MCJ1312423.1	MCJ1312423.1	GCA_022814335.1	Lichen	crm_split	Agyrium_rufum	Agyrium	Lecanoromycetes
Zygotorulaspora_mrakii_XP_037144478.1	XP_037144478.1	GCF_013402915.1	NotLichen	Dit	Zygotorulaspora_mrakii	Zygotorulaspora	Saccharomycetes
Zygosaccharomyces_rouxii_KAH9200919.1	KAH9200919.1	GCA_021535285.1	NotLichen	Dit	Zygosaccharomyces_rouxii	Zygosaccharomyces	Saccharomycetes
Zygosaccharomyces_mellis_GCE97836.1	GCE97836.1	GCA_005406105.1	NotLichen	Dit	Zygosaccharomyces_mellis	Zygosaccharomyces	Saccharomycetes
Zygosaccharomyces_bailii_SJM88692.1	SJM88692.1	GCA_900162805.1	NotLichen	Dit	Zygosaccharomyces_bailii	Zygosaccharomyces	Saccharomycetes
Zopfia_rhizophila_KAF2195181.1	KAF2195181.1	GCA_010093925.1	NotLichen	Dit	Zopfia_rhizophila	Zopfia	Dothideomycetes
Xylona_heveae_XP_018185785.1	XP_018185785.1	GCF_001619985.1	NotLichen	Dit	Xylona_heveae	Xylona	Xylonomycetes
Xylariomycetidae_sp_FL2044_KAH9909603.1	KAH9909603.1	GCA_022376275.1	NotLichen	Dit	Xylariomycetidae_sp_FL2044		Sordariomycetes
Xylariaceae_sp_FL1272_KAI0163832.1	KAI0163832.1	GCA_022432385.1	NotLichen	Dit	Xylariaceae_sp_FL1272		Sordariomycetes
Xylariaceae_sp_FL0662B_KAI0003453.1	KAI0003453.1	GCA_022376535.1	NotLichen	Dit	Xylariaceae_sp_FL0662B		Sordariomycetes
Xylariaceae_sp_AK1471_KAI3319232.1	KAI3319232.1	GCA_023159215.1	NotLichen	Dit	Xylariaceae_sp_AK1471		Sordariomycetes
Xylaria_venustula_KAI1299714.1	KAI1299714.1	GCA_022578775.1	NotLichen	Dit	Xylaria_venustula	Xylaria	Sordariomycetes
Xylaria_telfairii_KAI0444278.1	KAI0444278.1	GCA_022495065.1	NotLichen	Dit	Xylaria_telfairii	Xylaria	Sordariomycetes
Xylaria_sp_FL0064_KAI0814584.1	KAI0814584.1	GCA_022593225.1	NotLichen	Dit	Xylaria_sp_FL0064	Xylaria	Sordariomycetes
Xylaria_sp_FL0043_KAI1353923.1	KAI1353923.1	GCA_022578865.1	NotLichen	Dit	Xylaria_sp_FL0043	Xylaria	Sordariomycetes
Xylaria_scruposa_KAI1740160.1	KAI1740160.1	GCA_022385635.1	NotLichen	Dit	Xylaria_scruposa	Xylaria	Sordariomycetes
Xylaria_multiplex_KAF2967246.1	KAF2967246.1	GCA_011057905.1	NotLichen	Dit	Xylaria_multiplex	Xylaria	Sordariomycetes
Xylaria_longipes_RYC59635.1	RYC59635.1	GCA_003426265.1	NotLichen	Dit	Xylaria_longipes	Xylaria	Sordariomycetes
Xylaria_hypoxylon_TGJ79871.1	TGJ79871.1	GCA_004768795.1	NotLichen	Dit	Xylaria_hypoxylon	Xylaria	Sordariomycetes
Xylaria_grammica_KAI0411735.1	KAI0411735.1	GCA_022495055.1	NotLichen	Dit	Xylaria_grammica	Xylaria	Sordariomycetes
Xylaria_flabelliformis_KAI0188327.1	KAI0188327.1	GCA_022453505.1	NotLichen	Dit	Xylaria_flabelliformis	Xylaria	Sordariomycetes
Xylaria_digitata_KAI0534594.1	KAI0534594.1	GCA_022495195.1	NotLichen	Dit	Xylaria_digitata	Xylaria	Sordariomycetes
Xylaria_curta_KAI0546581.1	KAI0546581.1	GCA_022495235.1	NotLichen	Dit	Xylaria_curta	Xylaria	Sordariomycetes
Xylaria_cubensis_KAI0855121.1	KAI0855121.1	GCA_022385715.1	NotLichen	Dit	Xylaria_cubensis	Xylaria	Sordariomycetes
Xylaria_cf_heliscus_KAI0465980.1	KAI0465980.1	GCA_022539335.1	NotLichen	Dit	Xylaria_cf_heliscus	Xylaria	Sordariomycetes
Xylaria_castorea_KAI1749482.1	KAI1749482.1	GCA_022495115.1	NotLichen	Dit	Xylaria_castorea	Xylaria	Sordariomycetes
Xylaria_bambusicola_XP_047834128.1	XP_047834128.1	GCF_022495145.1	NotLichen	Dit	Xylaria_bambusicola	Xylaria	Sordariomycetes
Xylaria_arbuscula_KAI1361226.1	KAI1361226.1	GCA_022578905.1	NotLichen	Dit	Xylaria_arbuscula	Xylaria	Sordariomycetes
Xylaria_acuta_KAI0456407.1	KAI0456407.1	GCA_022495125.1	NotLichen	Dit	Xylaria_acuta	Xylaria	Sordariomycetes
Wickerhamomyces_pijperi_KAH3682325.1	KAH3682325.1	GCA_020536225.1	NotLichen	Dit	Wickerhamomyces_pijperi	Wickerhamomyces	Saccharomycetes
Wickerhamomyces_mucosus_KAH3679600.1	KAH3679600.1	GCA_020536175.1	NotLichen	Dit	Wickerhamomyces_mucosus	Wickerhamomyces	Saccharomycetes
Wickerhamomyces_ciferrii_XP_011274402.1	XP_011274402.1	GCF_000313485.1	NotLichen	Dit	Wickerhamomyces_ciferrii	Wickerhamomyces	Saccharomycetes
Wickerhamomyces_anomalus_XP_019039335.1	XP_019039335.1	GCF_001661255.1	NotLichen	Dit	Wickerhamomyces_anomalus	Wickerhamomyces	Saccharomycetes
Whalleya_microplaca_KAI1082062.1	KAI1082062.1	GCA_022497155.1	NotLichen	Dit	Whalleya_microplaca	Whalleya	Sordariomycetes
Westerdykella_ornata_XP_033656393.1	XP_033656393.1	GCF_010094085.1	NotLichen	Dit	Westerdykella_ornata	Westerdykella	Dothideomycetes
Wardomyces_moseri_KAI1859140.1	KAI1859140.1	GCA_022829195.1	NotLichen	Dit	Wardomyces_moseri	Wardomyces	Sordariomycetes
Vanderwaltozyma_polyspora_XP_001642696.1	XP_001642696.1	GCF_000150035.1	NotLichen	Dit	Vanderwaltozyma_polyspora	Vanderwaltozyma	Saccharomycetes
Ustilaginoidea_virens_QUC19596.1	QUC19596.1	GCA_000687475.2	NotLichen	Dit	Ustilaginoidea_virens	Ustilaginoidea	Sordariomycetes
Uncinocarpus_reesii_EEP80070.1	EEP80070.1	GCA_000003515.2	NotLichen	Dit	Uncinocarpus_reesii	Uncinocarpus	Eurotiomycetes
Uncinocarpus_reesii_EEP75704.1	EEP75704.1	GCA_000003515.2	NotLichen	Dit	Uncinocarpus_reesii	Uncinocarpus	Eurotiomycetes
Trichoderma_cornudamae_KAH6603630.1	KAH6603630.1	GCA_020631695.1	NotLichen	Dit	Trichoderma_cornudamae	Trichoderma	Sordariomycetes
Trematosphaeria_pertusa_XP_033675655.1	XP_033675655.1	GCF_010094035.1	NotLichen	Dit	Trematosphaeria_pertusa	Trematosphaeria	Dothideomycetes
Torulaspora_sp_CBS_2947_QLQ78262.1	QLQ78262.1	GCA_013694445.1	NotLichen	Dit	Torulaspora_sp_CBS_2947	Torulaspora	Saccharomycetes
Torulaspora_globosa_XP_037137372.1	XP_037137372.1	GCF_014133895.1	NotLichen	Dit	Torulaspora_globosa	Torulaspora	Saccharomycetes
Torulaspora_delbrueckii_XP_003678901.1	XP_003678901.1	GCF_000243375.1	NotLichen	Dit	Torulaspora_delbrueckii	Torulaspora	Saccharomycetes
Torrubiella_hemipterigena_CEJ80866.1	CEJ80866.1	GCA_000825705.1	NotLichen	Dit	Torrubiella_hemipterigena	Torrubiella	Sordariomycetes
Thermothelomyces_thermophilus_XP_003662462.1	XP_003662462.1	GCF_000226095.1	NotLichen	Dit	Thermothelomyces_thermophilus	Thermothelomyces	Sordariomycetes
Tetrapisispora_phaffii_XP_003685736.1	XP_003685736.1	GCF_000236905.1	NotLichen	Dit	Tetrapisispora_phaffii	Tetrapisispora	Saccharomycetes
Tetrapisispora_blattae_XP_004177565.1	XP_004177565.1	GCF_000315915.1	NotLichen	Dit	Tetrapisispora_blattae	Tetrapisispora	Saccharomycetes
Suhomyces_tanzawaensis_XP_020065193.1	XP_020065193.1	GCF_001661415.1	NotLichen	Dit	Suhomyces_tanzawaensis	Suhomyces	Saccharomycetes
Sticta_canariensis_MCJ1424167.1	MCJ1424167.1	GCA_022814045.1	Lichen	Dit	Sticta_canariensis	Sticta	Lecanoromycetes
Stemphylium_lycopersici_RAR02220.1	RAR02220.1	GCA_003268315.1	NotLichen	Dit	Stemphylium_lycopersici	Stemphylium	Dothideomycetes
Staphylotrichum_longicolle_KAG7291116.1	KAG7291116.1	GCA_019096155.1	NotLichen	Dit	Staphylotrichum_longicolle	Staphylotrichum	Sordariomycetes
Staphylotrichum_longicolle_KAG7290031.1	KAG7290031.1	GCA_019096155.1	NotLichen	Dit	Staphylotrichum_longicolle	Staphylotrichum	Sordariomycetes
Stagonospora_sp_SRC1lsM3a_OAL01407.1	OAL01407.1	GCA_001644525.1	NotLichen	Dit	Stagonospora_sp_SRC1lsM3a	Stagonospora	Dothideomycetes
Stagonospora_sp_SRC1lsM3a_OAK99288.1	OAK99288.1	GCA_001644525.1	NotLichen	Dit	Stagonospora_sp_SRC1lsM3a	Stagonospora	Dothideomycetes
Sporormia_fimetaria_KAF2746336.1	KAF2746336.1	GCA_010093795.1	NotLichen	Dit	Sporormia_fimetaria	Sporormia	Dothideomycetes
Spathaspora_sp_JA1_RLV95453.1	RLV95453.1	GCA_003676035.1	NotLichen	Dit	Spathaspora_sp_JA1	Spathaspora	Saccharomycetes
Spathaspora_passalidarum_XP_007373739.1	XP_007373739.1	GCF_000223485.1	NotLichen	Dit	Spathaspora_passalidarum	Spathaspora	Saccharomycetes
Setomelanomma_holmii_KAF2031087.1	KAF2031087.1	GCA_010015745.1	NotLichen	Dit	Setomelanomma_holmii	Setomelanomma	Dothideomycetes
Septoria_linicola_USW59566.1	USW59566.1	GCA_024114885.1	NotLichen	Dit	Septoria_linicola	Septoria	Dothideomycetes
Scheffersomyces_stipitis_KAG2735933.1	KAG2735933.1	GCA_016859295.1	NotLichen	Dit	Scheffersomyces_stipitis	Scheffersomyces	Saccharomycetes
Scheffersomyces_spartinae_XP_043050008.1	XP_043050008.1	GCF_019049425.1	NotLichen	Dit	Scheffersomyces_spartinae	Scheffersomyces	Saccharomycetes
Saprochaete_ingens_XP_031855534.1	XP_031855534.1	GCF_902498895.1	NotLichen	Dit	Saprochaete_ingens	Saprochaete	Saccharomycetes
Saprochaete_ingens_XP_031855042.1	XP_031855042.1	GCF_902498895.1	NotLichen	Dit	Saprochaete_ingens	Saprochaete	Saccharomycetes
Saccharomycodes_ludwigii_XP_045934233.1	XP_045934233.1	GCF_020623625.1	NotLichen	Dit	Saccharomycodes_ludwigii	Saccharomycodes	Saccharomycetes
Saccharomyces_paradoxus_XP_033765624.1	XP_033765624.1	GCF_002079055.1	NotLichen	Dit	Saccharomyces_paradoxus	Saccharomyces	Saccharomycetes
Saccharomyces_eubayanus_XP_018223937.1	XP_018223937.1	GCF_001298625.1	NotLichen	Dit	Saccharomyces_eubayanus	Saccharomyces	Saccharomycetes
Saccharomyces_cerevisiae_GHM91237.1	GHM91237.1	GCA_014905575.1	NotLichen	Dit	Saccharomyces_cerevisiae	Saccharomyces	Saccharomycetes
Saccharomyces_boulardii_nom_inval_KQC44598.1	KQC44598.1	GCA_001413975.1	NotLichen	Dit	Saccharomyces_boulardii_nom_inval	Saccharomyces	Saccharomycetes
Rostrohypoxylon_terebratum_KAI1094023.1	KAI1094023.1	GCA_022497145.1	NotLichen	Dit	Rostrohypoxylon_terebratum	Rostrohypoxylon	Sordariomycetes
Rhizodiscina_lignyota_KAF2102517.1	KAF2102517.1	GCA_010015805.1	NotLichen	Dit	Rhizodiscina_lignyota	Rhizodiscina	Dothideomycetes
Pyrenochaeta_sp_MPISDFRAT0127_KAH7390676.1	KAH7390676.1	GCA_020747015.1	NotLichen	Dit	Pyrenochaeta_sp_MPISDFRAT0127	Pyrenochaeta	Dothideomycetes
Pyrenochaeta_sp_MPISDFRAT0127_KAH7372294.1	KAH7372294.1	GCA_020747015.1	NotLichen	Dit	Pyrenochaeta_sp_MPISDFRAT0127	Pyrenochaeta	Dothideomycetes
Pyrenochaeta_sp_DS3sAY3a_OAL52032.1	OAL52032.1	GCA_001644535.1	NotLichen	Dit	Pyrenochaeta_sp_DS3sAY3a	Pyrenochaeta	Dothideomycetes
Pseudocyphellaria_aurata_MCJ1466653.1	MCJ1466653.1	GCA_022814125.1	Lichen	Dit	Pseudocyphellaria_aurata	Pseudocyphellaria	Lecanoromycetes
Podospora_comata_VBB87331.1	VBB87331.1	GCA_900290415.1	NotLichen	Dit	Podospora_comata	Podospora	Sordariomycetes
Podospora_anserina_XP_001905544.1	XP_001905544.1	GCF_000226545.1	NotLichen	Dit	Podospora_anserina	Podospora	Sordariomycetes
Pochonia_chlamydosporia_XP_018141661.1	XP_018141661.1	GCF_001653235.2	NotLichen	Dit	Pochonia_chlamydosporia	Pochonia	Sordariomycetes
Plenodomus_tracheiphilus_KAF2853658.1	KAF2853658.1	GCA_010093695.1	NotLichen	Dit	Plenodomus_tracheiphilus	Plenodomus	Dothideomycetes
Phialophora_attinorum_XP_018001871.1	XP_018001871.1	GCF_001299255.1	NotLichen	Dit	Phialophora_attinorum	Phialophora	Eurotiomycetes
Phaeosphaeriaceae_sp_PMI808_KAH8727896.1	KAH8727896.1	GCA_021365335.1	NotLichen	Dit	Phaeosphaeriaceae_sp_PMI808		Dothideomycetes
Phaeosphaeriaceae_sp_PMI808_KAH8708504.1	KAH8708504.1	GCA_021365335.1	NotLichen	Dit	Phaeosphaeriaceae_sp_PMI808		Dothideomycetes
Phaeosphaeria_sp_MPIPUGEAT0046c_KAH7410271.1	KAH7410271.1	GCA_020747045.1	NotLichen	Dit	Phaeosphaeria_sp_MPIPUGEAT0046c	Phaeosphaeria	Dothideomycetes
Phaeosphaeria_sp_MPIPUGEAT0046c_KAH7392180.1	KAH7392180.1	GCA_020747045.1	NotLichen	Dit	Phaeosphaeria_sp_MPIPUGEAT0046c	Phaeosphaeria	Dothideomycetes
Penicillium_steckii_OQE26295.1	OQE26295.1	GCA_002072375.1	NotLichen	Dit	Penicillium_steckii	Penicillium	Eurotiomycetes
Penicillium_sp_str_12_KAF4766533.1	KAF4766533.1	GCA_013138035.1	NotLichen	Dit	Penicillium_sp_str_12	Penicillium	Eurotiomycetes
Penicillium_nalgiovense_OQE63250.1	OQE63250.1	GCA_002072425.1	NotLichen	Dit	Penicillium_nalgiovense	Penicillium	Eurotiomycetes
Penicilliopsis_zonata_XP_022581037.1	XP_022581037.1	GCF_001890105.1	NotLichen	Dit	Penicilliopsis_zonata	Penicilliopsis	Eurotiomycetes
Penicilliopsis_zonata_XP_022580541.1	XP_022580541.1	GCF_001890105.1	NotLichen	Dit	Penicilliopsis_zonata	Penicilliopsis	Eurotiomycetes
Parastagonospora_nodorum_KAH3931765.1	KAH3931765.1	GCA_020567955.1	NotLichen	Dit	Parastagonospora_nodorum	Parastagonospora	Dothideomycetes
Paraphoma_chrysanthemicola_KAH7081508.1	KAH7081508.1	GCA_020744225.1	NotLichen	Dit	Paraphoma_chrysanthemicola	Paraphoma	Dothideomycetes
Ophiocordyceps_sinensis_KAF4504474.1	KAF4504474.1	GCA_012934285.1	NotLichen	Dit	Ophiocordyceps_sinensis	Ophiocordyceps	Sordariomycetes
Ophiocordyceps_australis_PHH61479.1	PHH61479.1	GCA_002591415.1	NotLichen	Dit	Ophiocordyceps_australis	Ophiocordyceps	Sordariomycetes
Ophiobolus_disseminans_KAF2819793.1	KAF2819793.1	GCA_010093685.1	NotLichen	Dit	Ophiobolus_disseminans	Ophiobolus	Dothideomycetes
Ophidiomyces_ophidiicola_KAI2409975.1	KAI2409975.1	GCA_022831925.1	NotLichen	Dit	Ophidiomyces_ophidiicola	Ophidiomyces	Eurotiomycetes
Neofusicoccum_parvum_XP_007585686.1	XP_007585686.1	GCF_000385595.1	NotLichen	Dit	Neofusicoccum_parvum	Neofusicoccum	Dothideomycetes
Nemania_sp_NC0429_KAI1109086.1	KAI1109086.1	GCA_022578495.1	NotLichen	Dit	Nemania_sp_NC0429	Nemania	Sordariomycetes
Nemania_sp_FL0031_KAI0115738.1	KAI0115738.1	GCA_022432375.1	NotLichen	Dit	Nemania_sp_FL0031	Nemania	Sordariomycetes
Nemania_abortiva_KAI1124423.1	KAI1124423.1	GCA_022578505.1	NotLichen	Dit	Nemania_abortiva	Nemania	Sordariomycetes
Naumovozyma_dairenensis_XP_003667824.1	XP_003667824.1	GCF_000227115.2	NotLichen	Dit	Naumovozyma_dairenensis	Naumovozyma	Saccharomycetes
Naumovozyma_castellii_CCC67761.1	CCC67761.1	GCA_000237345.1	NotLichen	Dit	Naumovozyma_castellii	Naumovozyma	Saccharomycetes
Mytilinidion_resinicola_XP_033579400.1	XP_033579400.1	GCF_010093595.1	NotLichen	Dit	Mytilinidion_resinicola	Mytilinidion	Dothideomycetes
Monosporascus_sp_mg162_RYP51665.1	RYP51665.1	GCA_004155945.1	NotLichen	Dit	Monosporascus_sp_mg162	Monosporascus	Sordariomycetes
Monosporascus_sp_MC138B_RYP30943.1	RYP30943.1	GCA_004154975.1	NotLichen	Dit	Monosporascus_sp_MC138B	Monosporascus	Sordariomycetes
Monosporascus_sp_GIB2_RYP13025.1	RYP13025.1	GCA_004155935.1	NotLichen	Dit	Monosporascus_sp_GIB2	Monosporascus	Sordariomycetes
Monosporascus_sp_CRB83_RYP77596.1	RYP77596.1	GCA_004155055.1	NotLichen	Dit	Monosporascus_sp_CRB83	Monosporascus	Sordariomycetes
Monosporascus_sp_5C6A_RYP65008.1	RYP65008.1	GCA_004155035.1	NotLichen	Dit	Monosporascus_sp_5C6A	Monosporascus	Sordariomycetes
Monosporascus_ibericus_RYP03233.1	RYP03233.1	GCA_004154915.1	NotLichen	Dit	Monosporascus_ibericus	Monosporascus	Sordariomycetes
Monosporascus_cannonballus_RYO91435.1	RYO91435.1	GCA_004154925.1	NotLichen	Dit	Monosporascus_cannonballus	Monosporascus	Sordariomycetes
Monascus_purpureus_TQB72932.1	TQB72932.1	GCA_006542485.1	NotLichen	Dit	Monascus_purpureus	Monascus	Eurotiomycetes
Moelleriella_libera_KZZ96616.1	KZZ96616.1	GCA_001636675.1	NotLichen	Dit	Moelleriella_libera	Moelleriella	Sordariomycetes
Metschnikowia_sp_JCM_33374_GEQ67044.1	GEQ67044.1	GCA_005406065.1	NotLichen	Dit	Metschnikowia_sp_JCM_33374	Metschnikowia	Saccharomycetes
Metschnikowia_persimmonesis_KAF8005387.1	KAF8005387.1	GCA_014905795.1	NotLichen	Dit	Metschnikowia_persimmonesis	Metschnikowia	Saccharomycetes
Metschnikowia_bicuspidata_XP_018713862.1	XP_018713862.1	GCF_001664035.1	NotLichen	Dit	Metschnikowia_bicuspidata	Metschnikowia	Saccharomycetes
Metschnikowia_aff_pulcherrima_QBM88808.1	QBM88808.1	GCA_004217705.1	NotLichen	Dit	Metschnikowia_aff_pulcherrima	Metschnikowia	Saccharomycetes
Metarhizium_robertsii_EXU95583.1	EXU95583.1	GCA_000591435.1	NotLichen	Dit	Metarhizium_robertsii	Metarhizium	Sordariomycetes
Metarhizium_majus_XP_014573188.1	XP_014573188.1	GCF_000814945.1	NotLichen	Dit	Metarhizium_majus	Metarhizium	Sordariomycetes
Metarhizium_humberi_KAH0592485.1	KAH0592485.1	GCA_020102295.1	NotLichen	Dit	Metarhizium_humberi	Metarhizium	Sordariomycetes
Metarhizium_guizhouense_KID85919.1	KID85919.1	GCA_000814955.1	NotLichen	Dit	Metarhizium_guizhouense	Metarhizium	Sordariomycetes
Metarhizium_brunneum_QLI74527.1	QLI74527.1	GCA_013426205.1	NotLichen	Dit	Metarhizium_brunneum	Metarhizium	Sordariomycetes
Metarhizium_anisopliae_KJK75065.1	KJK75065.1	GCA_000426965.1	NotLichen	Dit	Metarhizium_anisopliae	Metarhizium	Sordariomycetes
Macroventuria_anomochaeta_XP_033565882.1	XP_033565882.1	GCF_010093625.1	NotLichen	Dit	Macroventuria_anomochaeta	Macroventuria	Dothideomycetes
Macrophomina_phaseolina_KAH7043909.1	KAH7043909.1	GCA_020744275.1	NotLichen	Dit	Macrophomina_phaseolina	Macrophomina	Dothideomycetes
Lophium_mytilinum_KAF2493421.1	KAF2493421.1	GCA_010093605.1	NotLichen	Dit	Lophium_mytilinum	Lophium	Dothideomycetes
Lophiotrema_nucula_KAF2108934.1	KAF2108934.1	GCA_010015825.1	NotLichen	Dit	Lophiotrema_nucula	Lophiotrema	Dothideomycetes
Lophiostoma_macrostomum_KAF2658350.1	KAF2658350.1	GCA_010405375.1	NotLichen	Dit	Lophiostoma_macrostomum	Lophiostoma	Dothideomycetes
Lophiostoma_macrostomum_KAF2649303.1	KAF2649303.1	GCA_010405375.1	NotLichen	Dit	Lophiostoma_macrostomum	Lophiostoma	Dothideomycetes
Lodderomyces_elongisporus_XP_001525337.1	XP_001525337.1	GCF_000149685.1	NotLichen	Dit	Lodderomyces_elongisporus	Lodderomyces	Saccharomycetes
Lindgomyces_ingoldianus_XP_033554538.1	XP_033554538.1	GCF_010093535.1	NotLichen	Dit	Lindgomyces_ingoldianus	Lindgomyces	Dothideomycetes
Lindgomyces_ingoldianus_XP_033552720.1	XP_033552720.1	GCF_010093535.1	NotLichen	Dit	Lindgomyces_ingoldianus	Lindgomyces	Dothideomycetes
Lentithecium_fluviatile_KAF2687667.1	KAF2687667.1	GCA_010405425.1	NotLichen	Dit	Lentithecium_fluviatile	Lentithecium	Dothideomycetes
Lasiodiplodia_theobromae_KAF9640737.1	KAF9640737.1	GCA_002111425.1	NotLichen	Dit	Lasiodiplodia_theobromae	Lasiodiplodia	Dothideomycetes
Lachancea_thermotolerans_XP_002555165.1	XP_002555165.1	GCF_000142805.1	NotLichen	Dit	Lachancea_thermotolerans	Lachancea	Saccharomycetes
Lachancea_sp_PJ2012a_SCU83289.1	SCU83289.1	GCA_900074735.1	NotLichen	Dit	Lachancea_sp_PJ2012a	Lachancea	Saccharomycetes
Lachancea_quebecensis_CUS24131.1	CUS24131.1	GCA_002900925.1	NotLichen	Dit	Lachancea_quebecensis	Lachancea	Saccharomycetes
Lachancea_mirantina_SCU88626.1	SCU88626.1	GCA_900074745.1	NotLichen	Dit	Lachancea_mirantina	Lachancea	Saccharomycetes
Lachancea_meyersii_SCU85871.1	SCU85871.1	GCA_900074715.1	NotLichen	Dit	Lachancea_meyersii	Lachancea	Saccharomycetes
Lachancea_lanzarotensis_XP_022629109.1	XP_022629109.1	GCF_000938715.1	NotLichen	Dit	Lachancea_lanzarotensis	Lachancea	Saccharomycetes
Lachancea_fermentati_SCW02855.1	SCW02855.1	GCA_900074765.1	NotLichen	Dit	Lachancea_fermentati	Lachancea	Saccharomycetes
Lachancea_dasiensis_SCU95201.1	SCU95201.1	GCA_900074725.1	NotLichen	Dit	Lachancea_dasiensis	Lachancea	Saccharomycetes
Kluyveromyces_marxianus_XP_022673824.1	XP_022673824.1	GCF_001417885.1	NotLichen	Dit	Kluyveromyces_marxianus	Kluyveromyces	Saccharomycetes
Kluyveromyces_lactis_CAH01350.1	CAH01350.1	GCA_000002515.1	NotLichen	Dit	Kluyveromyces_lactis	Kluyveromyces	Saccharomycetes
Kluyveromyces_dobzhanskii_CDO93027.1	CDO93027.1	GCA_000820885.1	NotLichen	Dit	Kluyveromyces_dobzhanskii	Kluyveromyces	Saccharomycetes
Kazachstania_unispora_KAG0663595.1	KAG0663595.1	GCA_016584185.1	NotLichen	Dit	Kazachstania_unispora	Kazachstania	Saccharomycetes
Kazachstania_saulgeensis_SMN19638.1	SMN19638.1	GCA_900180425.1	NotLichen	Dit	Kazachstania_saulgeensis	Kazachstania	Saccharomycetes
Kazachstania_naganishii_XP_022463800.1	XP_022463800.1	GCF_000348985.1	NotLichen	Dit	Kazachstania_naganishii	Kazachstania	Saccharomycetes
Kazachstania_exigua_KAG0667909.1	KAG0667909.1	GCA_016584175.1	NotLichen	Dit	Kazachstania_exigua	Kazachstania	Saccharomycetes
Kazachstania_barnettii_CAD1781468.1	CAD1781468.1	GCA_903987035.1	NotLichen	Dit	Kazachstania_barnettii	Kazachstania	Saccharomycetes
Kazachstania_africana_XP_003957637.1	XP_003957637.1	GCF_000304475.1	NotLichen	Dit	Kazachstania_africana	Kazachstania	Saccharomycetes
Ilyonectria_sp_MPICAGEAT0026_KAH6972466.1	KAH6972466.1	GCA_020744155.1	NotLichen	Dit	Ilyonectria_sp_MPICAGEAT0026	Ilyonectria	Sordariomycetes
Ilyonectria_robusta_XP_046098176.1	XP_046098176.1	GCF_021365365.1	NotLichen	Dit	Ilyonectria_robusta	Ilyonectria	Sordariomycetes
Ilyonectria_destructans_KAH7010118.1	KAH7010118.1	GCA_020740775.1	NotLichen	Dit	Ilyonectria_destructans	Ilyonectria	Sordariomycetes
Hypoxylon_trugodes_KAI1384202.1	KAI1384202.1	GCA_022578975.1	NotLichen	Dit	Hypoxylon_trugodes	Hypoxylon	Sordariomycetes
Hypoxylon_sp_NC1633_KAI2620438.1	KAI2620438.1	GCA_022984935.1	NotLichen	Dit	Hypoxylon_sp_NC1633	Hypoxylon	Sordariomycetes
Hypoxylon_sp_NC0597_KAI0137647.1	KAI0137647.1	GCA_022432515.1	NotLichen	Dit	Hypoxylon_sp_NC0597	Hypoxylon	Sordariomycetes
Hypoxylon_sp_FL1857_KAI1414998.1	KAI1414998.1	GCA_022578955.1	NotLichen	Dit	Hypoxylon_sp_FL1857	Hypoxylon	Sordariomycetes
Hypoxylon_sp_FL1150_KAI1765627.1	KAI1765627.1	GCA_022495205.1	NotLichen	Dit	Hypoxylon_sp_FL1150	Hypoxylon	Sordariomycetes
Hypoxylon_sp_FL0890_KAI0839218.1	KAI0839218.1	GCA_022497025.1	NotLichen	Dit	Hypoxylon_sp_FL0890	Hypoxylon	Sordariomycetes
Hypoxylon_sp_FL0543_KAI1138131.1	KAI1138131.1	GCA_022578575.1	NotLichen	Dit	Hypoxylon_sp_FL0543	Hypoxylon	Sordariomycetes
Hypoxylon_sp_EC38_OTA68451.1	OTA68451.1	GCA_002120335.1	NotLichen	Dit	Hypoxylon_sp_EC38	Hypoxylon	Sordariomycetes
Hypoxylon_sp_CO275_OTA94077.1	OTA94077.1	GCA_002120305.1	NotLichen	Dit	Hypoxylon_sp_CO275	Hypoxylon	Sordariomycetes
Hypoxylon_rubiginosum_KAI4869717.1	KAI4869717.1	GCA_022578595.1	NotLichen	Dit	Hypoxylon_rubiginosum	Hypoxylon	Sordariomycetes
Hypoxylon_fuscum_KAI1397212.1	KAI1397212.1	GCA_022578945.1	NotLichen	Dit	Hypoxylon_fuscum	Hypoxylon	Sordariomycetes
Hypoxylon_fragiforme_XP_049113353.1	XP_049113353.1	GCF_022984875.1	NotLichen	Dit	Hypoxylon_fragiforme	Hypoxylon	Sordariomycetes
Hypoxylon_crocopeplum_KAI1374201.1	KAI1374201.1	GCA_022578875.1	NotLichen	Dit	Hypoxylon_crocopeplum	Hypoxylon	Sordariomycetes
Hypoxylon_cercidicola_KAI1771988.1	KAI1771988.1	GCA_022578845.1	NotLichen	Dit	Hypoxylon_cercidicola	Hypoxylon	Sordariomycetes
Hypomontagnella_submonticulosa_KAI2626123.1	KAI2626123.1	GCA_022984865.1	NotLichen	Dit	Hypomontagnella_submonticulosa	Hypomontagnella	Sordariomycetes
Hypomontagnella_monticulosa_KAI0383637.1	KAI0383637.1	GCA_022385585.1	NotLichen	Dit	Hypomontagnella_monticulosa	Hypomontagnella	Sordariomycetes
Hyphopichia_burtonii_XP_020075626.1	XP_020075626.1	GCF_001661395.1	NotLichen	Dit	Hyphopichia_burtonii	Hyphopichia	Saccharomycetes
Hymenoscyphus_varicosporioides_KAH8657513.1	KAH8657513.1	GCA_021365295.1	NotLichen	Dit	Hymenoscyphus_varicosporioides	Hymenoscyphus	Leotiomycetes
Hymenoscyphus_fraxineus_CAG8960553.1	CAG8960553.1	GCA_911649665.1	NotLichen	Dit	Hymenoscyphus_fraxineus	Hymenoscyphus	Leotiomycetes
Hymenoscyphus_albidus_CAG8983879.1	CAG8983879.1	GCA_911693285.1	NotLichen	Dit	Hymenoscyphus_albidus	Hymenoscyphus	Leotiomycetes
Hirsutella_rhossiliensis_XP_044715112.1	XP_044715112.1	GCF_020360975.1	NotLichen	Dit	Hirsutella_rhossiliensis	Hirsutella	Sordariomycetes
Hirsutella_minnesotensis_KJZ71017.1	KJZ71017.1	GCA_000956045.1	NotLichen	Dit	Hirsutella_minnesotensis	Hirsutella	Sordariomycetes
Hanseniaspora_valbyensis_OBA26346.1	OBA26346.1	GCA_001664025.1	NotLichen	Dit	Hanseniaspora_valbyensis	Hanseniaspora	Saccharomycetes
Hanseniaspora_uvarum_KAF0271734.1	KAF0271734.1	GCA_009805765.1	NotLichen	Dit	Hanseniaspora_uvarum	Hanseniaspora	Saccharomycetes
Hanseniaspora_osmophila_OEJ84254.1	OEJ84254.1	GCA_001747045.1	NotLichen	Dit	Hanseniaspora_osmophila	Hanseniaspora	Saccharomycetes
Hanseniaspora_opuntiae_OEJ81675.1	OEJ81675.1	GCA_001749795.1	NotLichen	Dit	Hanseniaspora_opuntiae	Hanseniaspora	Saccharomycetes
Hanseniaspora_guilliermondii_SGZ38673.1	SGZ38673.1	GCA_900119595.1	NotLichen	Dit	Hanseniaspora_guilliermondii	Hanseniaspora	Saccharomycetes
Halenospora_varia_KAH6671307.1	KAH6671307.1	GCA_020726485.1	NotLichen	Dit	Halenospora_varia	Halenospora	Leotiomycetes
Halenospora_varia_KAH6662358.1	KAH6662358.1	GCA_020726485.1	NotLichen	Dit	Halenospora_varia	Halenospora	Leotiomycetes
Gaeumannomyces_tritici_XP_009219517.1	XP_009219517.1	GCF_000145635.1	NotLichen	Dit	Gaeumannomyces_tritici	Gaeumannomyces	Sordariomycetes
fungal_sp_No14919_GAW20483.1	GAW20483.1	GCA_002003505.1	NotLichen	Dit	fungal_sp_No14919		
Fulvia_fulva_UJO22742.1	UJO22742.1	GCA_020509005.2	NotLichen	Dit	Fulvia_fulva	Fulvia	Dothideomycetes
Exserohilum_turcicum_XP_008027087.1	XP_008027087.1	GCF_000359705.1	NotLichen	Dit	Exserohilum_turcicum	Exserohilum	Dothideomycetes
Eremothecium_gossypii_AEY98084.1	AEY98084.1	GCA_000968835.1	NotLichen	Dit	Eremothecium_gossypii	Eremothecium	Saccharomycetes
Eremothecium_cymbalariae_XP_003646394.1	XP_003646394.1	GCF_000235365.1	NotLichen	Dit	Eremothecium_cymbalariae	Eremothecium	Saccharomycetes
Epicoccum_nigrum_KAG9206606.1	KAG9206606.1	GCA_019721275.1	NotLichen	Dit	Epicoccum_nigrum	Epicoccum	Dothideomycetes
Endocarpon_pusillum_KAF7513699.1	KAF7513699.1	GCA_014607435.1	Lichen	Dit	Endocarpon_pusillum	Endocarpon	Eurotiomycetes
Durotheca_rogersii_KAI5865800.1	KAI5865800.1	GCA_024521655.1	NotLichen	Dit	Durotheca_rogersii	Durotheca	Sordariomycetes
Drechmeria_coniospora_XP_040656450.1	XP_040656450.1	GCF_001625195.1	NotLichen	Dit	Drechmeria_coniospora	Drechmeria	Sordariomycetes
Dothistroma_septosporum_EME45898.1	EME45898.1	GCA_000340195.1	NotLichen	Dit	Dothistroma_septosporum	Dothistroma	Dothideomycetes
Dothidotthia_symphoricarpi_KAF2134818.1	KAF2134818.1	GCA_010015815.1	NotLichen	Dit	Dothidotthia_symphoricarpi	Dothidotthia	Dothideomycetes
Diutina_rugosa_XP_034012877.1	XP_034012877.1	GCF_008704595.1	NotLichen	Dit	Diutina_rugosa	Diutina	Saccharomycetes
Dissoconium_aciculare_XP_033460261.1	XP_033460261.1	GCF_010015565.1	NotLichen	Dit	Dissoconium_aciculare	Dissoconium	Dothideomycetes
Dissoconium_aciculare_XP_033455217.1	XP_033455217.1	GCF_010015565.1	NotLichen	Dit	Dissoconium_aciculare	Dissoconium	Dothideomycetes
Diplodia_seriata_KKY19692.1	KKY19692.1	GCA_001006355.1	NotLichen	Dit	Diplodia_seriata	Diplodia	Dothideomycetes
Diplodia_corticola_XP_020127651.1	XP_020127651.1	GCF_001883845.1	NotLichen	Dit	Diplodia_corticola	Diplodia	Dothideomycetes
Didymosphaeria_enalia_KAF2269137.1	KAF2269137.1	GCA_010094045.1	NotLichen	Dit	Didymosphaeria_enalia	Didymosphaeria	Dothideomycetes
Didymella_keratinophila_KAF3047319.1	KAF3047319.1	GCA_011058865.1	NotLichen	Dit	Didymella_keratinophila	Didymella	Dothideomycetes
Didymella_heteroderae_KAF3045212.1	KAF3045212.1	GCA_011058895.1	NotLichen	Dit	Didymella_heteroderae	Didymella	Dothideomycetes
Didymella_exigua_XP_033451932.1	XP_033451932.1	GCF_010094145.1	NotLichen	Dit	Didymella_exigua	Didymella	Dothideomycetes
Dendryphion_nanum_KAH7122447.1	KAH7122447.1	GCA_020744415.1	NotLichen	Dit	Dendryphion_nanum	Dendryphion	Dothideomycetes
Dendryphion_nanum_KAH7115222.1	KAH7115222.1	GCA_020744415.1	NotLichen	Dit	Dendryphion_nanum	Dendryphion	Dothideomycetes
Decorospora_gaudefroyi_KAF1832321.1	KAF1832321.1	GCA_010015605.1	NotLichen	Dit	Decorospora_gaudefroyi	Decorospora	Dothideomycetes
Daldinia_vernicosa_XP_047869490.1	XP_047869490.1	GCF_022497035.1	NotLichen	Dit	Daldinia_vernicosa	Daldinia	Sordariomycetes
Daldinia_sp_EC12_OTB17473.1	OTB17473.1	GCA_002120325.1	NotLichen	Dit	Daldinia_sp_EC12	Daldinia	Sordariomycetes
Daldinia_loculata_XP_049156173.1	XP_049156173.1	GCF_022478755.1	NotLichen	Dit	Daldinia_loculata	Daldinia	Sordariomycetes
Daldinia_grandis_KAI0105952.1	KAI0105952.1	GCA_022432525.1	NotLichen	Dit	Daldinia_grandis	Daldinia	Sordariomycetes
Daldinia_eschscholtzii_KAI1479349.1	KAI1479349.1	GCA_022478725.1	NotLichen	Dit	Daldinia_eschscholtzii	Daldinia	Sordariomycetes
Daldinia_decipiens_XP_049097323.1	XP_049097323.1	GCF_022478715.1	NotLichen	Dit	Daldinia_decipiens	Daldinia	Sordariomycetes
Daldinia_childiae_XP_033441365.1	XP_033441365.1	GCF_008694065.1	NotLichen	Dit	Daldinia_childiae	Daldinia	Sordariomycetes
Daldinia_caldariorum_XP_047786608.1	XP_047786608.1	GCF_022478825.1	NotLichen	Dit	Daldinia_caldariorum	Daldinia	Sordariomycetes
Daldinia_bambusicola_KAI1803606.1	KAI1803606.1	GCA_022478815.1	NotLichen	Dit	Daldinia_bambusicola	Daldinia	Sordariomycetes
Dactylonectria_macrodidyma_KAH7131272.1	KAH7131272.1	GCA_020744425.1	NotLichen	Dit	Dactylonectria_macrodidyma	Dactylonectria	Sordariomycetes
Dactylonectria_estremocensis_KAH7123440.1	KAH7123440.1	GCA_020744375.1	NotLichen	Dit	Dactylonectria_estremocensis	Dactylonectria	Sordariomycetes
Cylindrodendrum_hubeiense_KAF7558217.1	KAF7558217.1	GCA_014621425.1	NotLichen	Dit	Cylindrodendrum_hubeiense	Cylindrodendrum	Sordariomycetes
Cyberlindnera_jadinii_XP_020070164.1	XP_020070164.1	GCF_001661405.1	NotLichen	Dit	Cyberlindnera_jadinii	Cyberlindnera	Saccharomycetes
Cyberlindnera_fabianii_CDR38470.1	CDR38470.1	GCA_003205855.1	NotLichen	Dit	Cyberlindnera_fabianii	Cyberlindnera	Saccharomycetes
Curvularia_kusanoi_KAF3010647.1	KAF3010647.1	GCA_011058905.1	NotLichen	Dit	Curvularia_kusanoi	Curvularia	Dothideomycetes
Curvularia_clavata_USP79961.1	USP79961.1	GCA_023920165.1	NotLichen	Dit	Curvularia_clavata	Curvularia	Dothideomycetes
Cucurbitaria_berberidis_XP_040790975.1	XP_040790975.1	GCF_010015615.1	NotLichen	Dit	Cucurbitaria_berberidis	Cucurbitaria	Dothideomycetes
Coniosporium_apollinis_XP_007784709.1	XP_007784709.1	GCF_000281105.1	NotLichen	Dit	Coniosporium_apollinis	Coniosporium	Dothideomycetes
Colletotrichum_viniferum_KAF4931167.1	KAF4931167.1	GCA_013201765.1	NotLichen	Dit	Colletotrichum_viniferum	Colletotrichum	Sordariomycetes
Colletotrichum_truncatum_XP_036582853.1	XP_036582853.1	GCF_014235925.1	NotLichen	Dit	Colletotrichum_truncatum	Colletotrichum	Sordariomycetes
Colletotrichum_tropicale_KAF4837729.1	KAF4837729.1	GCA_013201785.1	NotLichen	Dit	Colletotrichum_tropicale	Colletotrichum	Sordariomycetes
Colletotrichum_trifolii_TDZ74291.1	TDZ74291.1	GCA_004367215.1	NotLichen	Dit	Colletotrichum_trifolii	Colletotrichum	Sordariomycetes
Colletotrichum_tofieldiae_GKT58749.1	GKT58749.1	GCA_022836555.1	NotLichen	Dit	Colletotrichum_tofieldiae	Colletotrichum	Sordariomycetes
Colletotrichum_tanaceti_TKW57586.1	TKW57586.1	GCA_005350895.1	NotLichen	Dit	Colletotrichum_tanaceti	Colletotrichum	Sordariomycetes
Colletotrichum_sublineola_KDN63041.1	KDN63041.1	GCA_000696135.1	NotLichen	Dit	Colletotrichum_sublineola	Colletotrichum	Sordariomycetes
Colletotrichum_spinosum_TDZ29804.1	TDZ29804.1	GCA_004366825.1	NotLichen	Dit	Colletotrichum_spinosum	Colletotrichum	Sordariomycetes
Colletotrichum_simmondsii_KXH49966.1	KXH49966.1	GCA_001563135.1	NotLichen	Dit	Colletotrichum_simmondsii	Colletotrichum	Sordariomycetes
Colletotrichum_siamense_KAF4861567.1	KAF4861567.1	GCA_013201745.1	NotLichen	Dit	Colletotrichum_siamense	Colletotrichum	Sordariomycetes
Colletotrichum_shisoi_TQN66146.1	TQN66146.1	GCA_006783085.1	NotLichen	Dit	Colletotrichum_shisoi	Colletotrichum	Sordariomycetes
Colletotrichum_scovillei_XP_035332267.1	XP_035332267.1	GCF_011075155.1	NotLichen	Dit	Colletotrichum_scovillei	Colletotrichum	Sordariomycetes
Colletotrichum_salicis_KXH38998.1	KXH38998.1	GCA_001563125.1	NotLichen	Dit	Colletotrichum_salicis	Colletotrichum	Sordariomycetes
Colletotrichum_plurivorum_KAF6841590.1	KAF6841590.1	GCA_014235945.1	NotLichen	Dit	Colletotrichum_plurivorum	Colletotrichum	Sordariomycetes
Colletotrichum_orchidophilum_XP_022474952.1	XP_022474952.1	GCF_001831195.1	NotLichen	Dit	Colletotrichum_orchidophilum	Colletotrichum	Sordariomycetes
Colletotrichum_orbiculare_TDZ22547.1	TDZ22547.1	GCA_000350065.2	NotLichen	Dit	Colletotrichum_orbiculare	Colletotrichum	Sordariomycetes
Colletotrichum_nymphaeae_KXH42424.1	KXH42424.1	GCA_001563115.1	NotLichen	Dit	Colletotrichum_nymphaeae	Colletotrichum	Sordariomycetes
Colletotrichum_musicola_KAF6845113.1	KAF6845113.1	GCA_014235935.1	NotLichen	Dit	Colletotrichum_musicola	Colletotrichum	Sordariomycetes
Colletotrichum_lupini_XP_049144207.1	XP_049144207.1	GCF_023278565.1	NotLichen	Dit	Colletotrichum_lupini	Colletotrichum	Sordariomycetes
Colletotrichum_karsti_KAF9881176.1	KAF9881176.1	GCA_011947395.2	NotLichen	Dit	Colletotrichum_karsti	Colletotrichum	Sordariomycetes
Colletotrichum_incanum_OHW91752.1	OHW91752.1	GCA_001855235.1	NotLichen	Dit	Colletotrichum_incanum	Colletotrichum	Sordariomycetes
Colletotrichum_higginsianum_TIC98893.1	TIC98893.1	GCA_004920355.1	NotLichen	Dit	Colletotrichum_higginsianum	Colletotrichum	Sordariomycetes
Colletotrichum_graminicola_XP_008091940.1	XP_008091940.1	GCF_000149035.1	NotLichen	Dit	Colletotrichum_graminicola	Colletotrichum	Sordariomycetes
Colletotrichum_gloeosporioides_KAH9241532.1	KAH9241532.1	GCA_021432615.1	NotLichen	Dit	Colletotrichum_gloeosporioides	Colletotrichum	Sordariomycetes
Colletotrichum_fructicola_KAF4488348.1	KAF4488348.1	GCA_000319635.2	NotLichen	Dit	Colletotrichum_fructicola	Colletotrichum	Sordariomycetes
Colletotrichum_fioriniae_XP_007597858.1	XP_007597858.1	GCF_000582985.1	NotLichen	Dit	Colletotrichum_fioriniae	Colletotrichum	Sordariomycetes
Colletotrichum_filicis_KAI3535089.1	KAI3535089.1	GCA_023376865.1	NotLichen	Dit	Colletotrichum_filicis	Colletotrichum	Sordariomycetes
Colletotrichum_chlorophyti_OLN84995.1	OLN84995.1	GCA_001937105.1	NotLichen	Dit	Colletotrichum_chlorophyti	Colletotrichum	Sordariomycetes
Colletotrichum_camelliae_KAH0444963.1	KAH0444963.1	GCA_011947485.2	NotLichen	Dit	Colletotrichum_camelliae	Colletotrichum	Sordariomycetes
Colletotrichum_asianum_KAF0331382.1	KAF0331382.1	GCA_009806415.1	NotLichen	Dit	Colletotrichum_asianum	Colletotrichum	Sordariomycetes
Colletotrichum_aenigma_XP_037181542.1	XP_037181542.1	GCF_013390185.1	NotLichen	Dit	Colletotrichum_aenigma	Colletotrichum	Sordariomycetes
Colletotrichum_abscissum_KAI3533113.1	KAI3533113.1	GCA_023376855.1	NotLichen	Dit	Colletotrichum_abscissum	Colletotrichum	Sordariomycetes
Coccidioides_posadasii_XP_003066484.1	XP_003066484.1	GCF_000151335.1	NotLichen	Dit	Coccidioides_posadasii	Coccidioides	Eurotiomycetes
Coccidioides_immitis_TPX26559.1	TPX26559.1	GCA_004115165.2	NotLichen	Dit	Coccidioides_immitis	Coccidioides	Eurotiomycetes
Clavispora_lusitaniae_KAF7582271.1	KAF7582271.1	GCA_014636115.1	NotLichen	Dit	Clavispora_lusitaniae	Clavispora	Saccharomycetes
Claviceps_spartinae_KAG5996753.1	KAG5996753.1	GCA_018360215.1	NotLichen	Dit	Claviceps_spartinae	Claviceps	Sordariomycetes
Claviceps_sp_LM84_group_G4_KAG6072453.1	KAG6072453.1	GCA_018360345.1	NotLichen	Dit	Claviceps_sp_LM84_group_G4	Claviceps	Sordariomycetes
Claviceps_sp_LM84_group_G4_KAG6072452.1	KAG6072452.1	GCA_018360345.1	NotLichen	Dit	Claviceps_sp_LM84_group_G4	Claviceps	Sordariomycetes
Claviceps_sp_LM78_group_G4_KAG6074595.1	KAG6074595.1	GCA_018360385.1	NotLichen	Dit	Claviceps_sp_LM78_group_G4	Claviceps	Sordariomycetes
Claviceps_sp_LM78_group_G4_KAG6074594.1	KAG6074594.1	GCA_018360385.1	NotLichen	Dit	Claviceps_sp_LM78_group_G4	Claviceps	Sordariomycetes
Claviceps_sp_LM77_group_G4_KAG6053160.1	KAG6053160.1	GCA_018360375.1	NotLichen	Dit	Claviceps_sp_LM77_group_G4	Claviceps	Sordariomycetes
Claviceps_sp_LM77_group_G4_KAG6053159.1	KAG6053159.1	GCA_018360375.1	NotLichen	Dit	Claviceps_sp_LM77_group_G4	Claviceps	Sordariomycetes
Claviceps_sp_LM458_group_G5_KAG6020932.1	KAG6020932.1	GCA_018360275.1	NotLichen	Dit	Claviceps_sp_LM458_group_G5	Claviceps	Sordariomycetes
Claviceps_sp_LM454_group_G7_KAG6112001.1	KAG6112001.1	GCA_018360575.1	NotLichen	Dit	Claviceps_sp_LM454_group_G7	Claviceps	Sordariomycetes
Claviceps_sp_LM220_group_G6_KAG6096119.1	KAG6096119.1	GCA_018360445.1	NotLichen	Dit	Claviceps_sp_LM220_group_G6	Claviceps	Sordariomycetes
Claviceps_sp_LM219_group_G6_KAG6100589.1	KAG6100589.1	GCA_018360595.1	NotLichen	Dit	Claviceps_sp_LM219_group_G6	Claviceps	Sordariomycetes
Claviceps_sp_LM218_group_G6_KAG6087243.1	KAG6087243.1	GCA_018360435.1	NotLichen	Dit	Claviceps_sp_LM218_group_G6	Claviceps	Sordariomycetes
Claviceps_sp_Clav50_group_G5_KAG6045429.1	KAG6045429.1	GCA_018360525.1	NotLichen	Dit	Claviceps_sp_Clav50_group_G5	Claviceps	Sordariomycetes
Claviceps_sp_Clav32_group_G5_KAG6026314.1	KAG6026314.1	GCA_018360355.1	NotLichen	Dit	Claviceps_sp_Clav32_group_G5	Claviceps	Sordariomycetes
Claviceps_sorghi_KAG5929783.1	KAG5929783.1	GCA_018360135.1	NotLichen	Dit	Claviceps_sorghi	Claviceps	Sordariomycetes
Claviceps_pusilla_KAG5997320.1	KAG5997320.1	GCA_018360225.1	NotLichen	Dit	Claviceps_pusilla	Claviceps	Sordariomycetes
Claviceps_pusilla_KAG5979727.1	KAG5979727.1	GCA_018360225.1	NotLichen	Dit	Claviceps_pusilla	Claviceps	Sordariomycetes
Claviceps_purpurea_KAG6306511.1	KAG6306511.1	GCA_018360905.1	NotLichen	Dit	Claviceps_purpurea	Claviceps	Sordariomycetes
Claviceps_pazoutovae_KAG5948888.1	KAG5948888.1	GCA_018360065.1	NotLichen	Dit	Claviceps_pazoutovae	Claviceps	Sordariomycetes
Claviceps_monticola_KAG5936847.1	KAG5936847.1	GCA_018360055.1	NotLichen	Dit	Claviceps_monticola	Claviceps	Sordariomycetes
Claviceps_monticola_KAG5936846.1	KAG5936846.1	GCA_018360055.1	NotLichen	Dit	Claviceps_monticola	Claviceps	Sordariomycetes
Claviceps_maximensis_KAG6004651.1	KAG6004651.1	GCA_018360255.1	NotLichen	Dit	Claviceps_maximensis	Claviceps	Sordariomycetes
Claviceps_lovelessii_KAG5981058.1	KAG5981058.1	GCA_018360185.1	NotLichen	Dit	Claviceps_lovelessii	Claviceps	Sordariomycetes
Claviceps_humidiphila_KAG6119555.1	KAG6119555.1	GCA_018360465.1	NotLichen	Dit	Claviceps_humidiphila	Claviceps	Sordariomycetes
Claviceps_digitariae_KAG5982287.1	KAG5982287.1	GCA_018360205.1	NotLichen	Dit	Claviceps_digitariae	Claviceps	Sordariomycetes
Claviceps_cyperi_KAG5967808.1	KAG5967808.1	GCA_018360075.1	NotLichen	Dit	Claviceps_cyperi	Claviceps	Sordariomycetes
Claviceps_citrina_KAG6041256.1	KAG6041256.1	GCA_018360365.1	NotLichen	Dit	Claviceps_citrina	Claviceps	Sordariomycetes
Claviceps_capensis_KAG5917006.1	KAG5917006.1	GCA_018360045.1	NotLichen	Dit	Claviceps_capensis	Claviceps	Sordariomycetes
Claviceps_arundinis_KAG5965121.1	KAG5965121.1	GCA_018360175.1	NotLichen	Dit	Claviceps_arundinis	Claviceps	Sordariomycetes
Claviceps_africana_KAG5916374.1	KAG5916374.1	GCA_018360145.1	NotLichen	Dit	Claviceps_africana	Claviceps	Sordariomycetes
Claviceps_aff_purpurea_KAG6300534.1	KAG6300534.1	GCA_018361025.1	NotLichen	Dit	Claviceps_aff_purpurea	Claviceps	Sordariomycetes
Claviceps_aff_humidiphila_group_G2b_KAG6063061.1	KAG6063061.1	GCA_018360325.1	NotLichen	Dit	Claviceps_aff_humidiphila_group_G2b	Claviceps	Sordariomycetes
Clathrospora_elynae_KAF1942551.1	KAF1942551.1	GCA_010015635.1	NotLichen	Dit	Clathrospora_elynae	Clathrospora	Dothideomycetes
Chaetomium_sp_MPISDFRAT0129_KAH6612193.1	KAH6612193.1	GCA_020726445.1	NotLichen	Dit	Chaetomium_sp_MPISDFRAT0129	Chaetomium	Sordariomycetes
Chaetomium_sp_MPICAGEAT0009_KAH6839634.1	KAH6839634.1	GCA_020736525.1	NotLichen	Dit	Chaetomium_sp_MPICAGEAT0009	Chaetomium	Sordariomycetes
Chaetomium_globosum_KAH6627305.1	KAH6627305.1	GCA_020726465.1	NotLichen	Dit	Chaetomium_globosum	Chaetomium	Sordariomycetes
Cercospora_beticola_XP_023452985.1	XP_023452985.1	GCF_002742065.1	NotLichen	Dit	Cercospora_beticola	Cercospora	Dothideomycetes
Cercospora_berteroae_PPJ53223.1	PPJ53223.1	GCA_002933655.1	NotLichen	Dit	Cercospora_berteroae	Cercospora	Dothideomycetes
Candida_tropicalis_KAG4409890.1	KAG4409890.1	GCA_017315405.1	NotLichen	Dit	Candida_tropicalis	Candida	Saccharomycetes
Candida_theae_KAI5958807.1	KAI5958807.1	GCA_024610275.1	NotLichen	Dit	Candida_theae	Candida	Saccharomycetes
Candida_subhashii_KAG7662655.1	KAG7662655.1	GCA_019202705.1	NotLichen	Dit	Candida_subhashii		Saccharomycetes
Candida_pseudojiufengensis_KAI5962374.1	KAI5962374.1	GCA_024610245.1	NotLichen	Dit	Candida_pseudojiufengensis	Candida	Saccharomycetes
Candida_pseudohaemulonii_XP_024714811.1	XP_024714811.1	GCF_003013735.1	NotLichen	Dit	Candida_pseudohaemulonii	Clavispora	Saccharomycetes
Candida_parapsilosis_CCE42742.1	CCE42742.1	GCA_000182765.2	NotLichen	Dit	Candida_parapsilosis	Candida	Saccharomycetes
Candida_oxycetoniae_XP_049181658.1	XP_049181658.1	GCF_023343755.1	NotLichen	Dit	Candida_oxycetoniae	Candida	Saccharomycetes
Candida_orthopsilosis_XP_003869371.1	XP_003869371.1	GCF_000315875.1	NotLichen	Dit	Candida_orthopsilosis	Candida	Saccharomycetes
Candida_metapsilosis_KAG5420540.1	KAG5420540.1	GCA_017655625.1	NotLichen	Dit	Candida_metapsilosis	Candida	Saccharomycetes
Candida_margitis_KAI5968302.1	KAI5968302.1	GCA_024628925.1	NotLichen	Dit	Candida_margitis	Candida	Saccharomycetes
Candida_maltosa_EMG48580.1	EMG48580.1	GCA_000344705.1	NotLichen	Dit	Candida_maltosa	Candida	Saccharomycetes
Candida_jiufengensis_KAI5954370.1	KAI5954370.1	GCA_024610255.1	NotLichen	Dit	Candida_jiufengensis	Candida	Saccharomycetes
Candida_jaroonii_CAH6722115.1	CAH6722115.1	GCA_943733655.1	NotLichen	Dit	Candida_jaroonii	Yamadazyma	Saccharomycetes
Candida_intermedia_SGZ47865.1	SGZ47865.1	GCA_900106115.1	NotLichen	Dit	Candida_intermedia	Clavispora	Saccharomycetes
Candida_haemuloni_KAF3994851.1	KAF3994851.1	GCA_012184655.1	NotLichen	Dit	Candida_haemuloni	Clavispora	Saccharomycetes
Candida_glabrata_CAG59009.1	CAG59009.1	GCA_000002545.2	NotLichen	Dit	Candida_glabrata	Nakaseomyces	Saccharomycetes
Candida_duobushaemulonis_PVH14482.1	PVH14482.1	GCA_002926085.1	NotLichen	Dit	Candida_duobushaemulonis	Clavispora	Saccharomycetes
Candida_dubliniensis_XP_002422024.1	XP_002422024.1	GCF_000026945.1	NotLichen	Dit	Candida_dubliniensis	Candida	Saccharomycetes
Candida_auris_GBL49816.1	GBL49816.1	GCA_007168705.1	NotLichen	Dit	Candida_auris	Clavispora	Saccharomycetes
Candida_albicans_KGQ82474.1	KGQ82474.1	GCA_000773735.1	NotLichen	Dit	Candida_albicans	Candida	Saccharomycetes
Botryosphaeria_dothidea_KAF4311959.1	KAF4311959.1	GCA_011503125.2	NotLichen	Dit	Botryosphaeria_dothidea	Botryosphaeria	Dothideomycetes
Boeremia_exigua_KAH6643822.1	KAH6643822.1	GCA_020726555.1	NotLichen	Dit	Boeremia_exigua	Boeremia	Dothideomycetes
Bipolaris_zeicola_XP_007712407.1	XP_007712407.1	GCF_000523435.1	NotLichen	Dit	Bipolaris_zeicola	Bipolaris	Dothideomycetes
Bipolaris_victoriae_XP_014551402.1	XP_014551402.1	GCF_000527765.1	NotLichen	Dit	Bipolaris_victoriae	Bipolaris	Dothideomycetes
Bipolaris_sorokiniana_XP_007697550.1	XP_007697550.1	GCF_000338995.1	NotLichen	Dit	Bipolaris_sorokiniana	Bipolaris	Dothideomycetes
Bipolaris_oryzae_XP_007682155.1	XP_007682155.1	GCF_000523455.1	NotLichen	Dit	Bipolaris_oryzae	Bipolaris	Dothideomycetes
Bipolaris_maydis_XP_014078387.1	XP_014078387.1	GCF_000354255.1	NotLichen	Dit	Bipolaris_maydis	Bipolaris	Dothideomycetes
Beauveria_brongniartii_OAA36172.1	OAA36172.1	GCA_001636735.1	NotLichen	Dit	Beauveria_brongniartii	Beauveria	Sordariomycetes
Beauveria_bassiana_PQK15682.1	PQK15682.1	GCA_001682635.1	NotLichen	Dit	Beauveria_bassiana	Beauveria	Sordariomycetes
Aspergillus_versicolor_XP_040668936.1	XP_040668936.1	GCF_001890125.1	NotLichen	Dit	Aspergillus_versicolor	Aspergillus	Eurotiomycetes
Aspergillus_uvarum_XP_025493591.1	XP_025493591.1	GCF_003184745.1	NotLichen	Dit	Aspergillus_uvarum	Aspergillus	Eurotiomycetes
Aspergillus_transmontanensis_KAE8317293.1	KAE8317293.1	GCA_009193505.1	NotLichen	Dit	Aspergillus_transmontanensis	Aspergillus	Eurotiomycetes
Aspergillus_tanneri_XP_033421116.1	XP_033421116.1	GCF_003426965.1	NotLichen	Dit	Aspergillus_tanneri	Aspergillus	Eurotiomycetes
Aspergillus_tamarii_KAE8168480.1	KAE8168480.1	GCA_009193485.1	NotLichen	Dit	Aspergillus_tamarii	Aspergillus	Eurotiomycetes
Aspergillus_sydowii_XP_040700936.1	XP_040700936.1	GCF_001890705.1	NotLichen	Dit	Aspergillus_sydowii	Aspergillus	Eurotiomycetes
Aspergillus_sergii_KAE8325966.1	KAE8325966.1	GCA_009193525.1	NotLichen	Dit	Aspergillus_sergii	Aspergillus	Eurotiomycetes
Aspergillus_sclerotiicarbonarius_PYI04654.1	PYI04654.1	GCA_003184635.1	NotLichen	Dit	Aspergillus_sclerotiicarbonarius	Aspergillus	Eurotiomycetes
Aspergillus_puulaauensis_XP_041561691.1	XP_041561691.1	GCF_016861865.1	NotLichen	Dit	Aspergillus_puulaauensis	Aspergillus	Eurotiomycetes
Aspergillus_pseudotamarii_XP_031914652.1	XP_031914652.1	GCF_009193445.1	NotLichen	Dit	Aspergillus_pseudotamarii	Aspergillus	Eurotiomycetes
Aspergillus_pseudonomiae_XP_031944801.1	XP_031944801.1	GCF_009193645.1	NotLichen	Dit	Aspergillus_pseudonomiae	Aspergillus	Eurotiomycetes
Aspergillus_pseudocaelatus_KAE8422314.1	KAE8422314.1	GCA_009193665.1	NotLichen	Dit	Aspergillus_pseudocaelatus	Aspergillus	Eurotiomycetes
Aspergillus_parasiticus_KAB8207855.1	KAB8207855.1	GCA_009176385.1	NotLichen	Dit	Aspergillus_parasiticus	Aspergillus	Eurotiomycetes
Aspergillus_oryzae_OOO06146.1	OOO06146.1	GCA_002007945.1	NotLichen	Dit	Aspergillus_oryzae	Aspergillus	Eurotiomycetes
Aspergillus_novoparasiticus_KAB8221559.1	KAB8221559.1	GCA_009176405.1	NotLichen	Dit	Aspergillus_novoparasiticus	Aspergillus	Eurotiomycetes
Aspergillus_nomiae_XP_015408107.1	XP_015408107.1	GCF_001204775.2	NotLichen	Dit	Aspergillus_nomiae	Aspergillus	Eurotiomycetes
Aspergillus_nidulans_CBF84178.1	CBF84178.1	GCA_000011425.1	NotLichen	Dit	Aspergillus_nidulans	Aspergillus	Eurotiomycetes
Aspergillus_mulundensis_XP_026598911.1	XP_026598911.1	GCF_003369625.1	NotLichen	Dit	Aspergillus_mulundensis	Aspergillus	Eurotiomycetes
Aspergillus_minisclerotigenes_KAB8269544.1	KAB8269544.1	GCA_009176455.1	NotLichen	Dit	Aspergillus_minisclerotigenes	Aspergillus	Eurotiomycetes
Aspergillus_leporis_KAB8077344.1	KAB8077344.1	GCA_009176345.1	NotLichen	Dit	Aspergillus_leporis	Aspergillus	Eurotiomycetes
Aspergillus_ibericus_XP_025572841.1	XP_025572841.1	GCF_003184845.1	NotLichen	Dit	Aspergillus_ibericus	Aspergillus	Eurotiomycetes
Aspergillus_homomorphus_XP_025549287.1	XP_025549287.1	GCF_003184865.1	NotLichen	Dit	Aspergillus_homomorphus	Aspergillus	Eurotiomycetes
Aspergillus_hancockii_KAF7596209.1	KAF7596209.1	GCA_001696595.2	NotLichen	Dit	Aspergillus_hancockii	Aspergillus	Eurotiomycetes
Aspergillus_flavus_QRD83888.1	QRD83888.1	GCA_009017415.1	NotLichen	Dit	Aspergillus_flavus	Aspergillus	Eurotiomycetes
Aspergillus_fijiensis_XP_040805752.1	XP_040805752.1	GCF_003184825.1	NotLichen	Dit	Aspergillus_fijiensis	Aspergillus	Eurotiomycetes
Aspergillus_coremiiformis_KAE8353793.1	KAE8353793.1	GCA_009193565.1	NotLichen	Dit	Aspergillus_coremiiformis	Aspergillus	Eurotiomycetes
Aspergillus_clavatus_EAW12455.1	EAW12455.1	GCA_000002715.1	NotLichen	Dit	Aspergillus_clavatus	Aspergillus	Eurotiomycetes
Aspergillus_carbonarius_OOG00290.1	OOG00290.1	GCA_001990825.1	NotLichen	Dit	Aspergillus_carbonarius	Aspergillus	Eurotiomycetes
Aspergillus_caelatus_XP_031933752.1	XP_031933752.1	GCF_009193585.1	NotLichen	Dit	Aspergillus_caelatus	Aspergillus	Eurotiomycetes
Aspergillus_burnettii_KAF5858138.1	KAF5858138.1	GCA_013421405.2	NotLichen	Dit	Aspergillus_burnettii	Aspergillus	Eurotiomycetes
Aspergillus_brunneoviolaceus_XP_025446514.1	XP_025446514.1	GCF_003184695.1	NotLichen	Dit	Aspergillus_brunneoviolaceus	Aspergillus	Eurotiomycetes
Aspergillus_bombycis_XP_022391229.1	XP_022391229.1	GCF_001792695.1	NotLichen	Dit	Aspergillus_bombycis	Aspergillus	Eurotiomycetes
Aspergillus_bertholletiae_KAE8381570.1	KAE8381570.1	GCA_009193595.1	NotLichen	Dit	Aspergillus_bertholletiae	Aspergillus	Eurotiomycetes
Aspergillus_avenaceus_KAE8153092.1	KAE8153092.1	GCA_009193465.1	NotLichen	Dit	Aspergillus_avenaceus	Aspergillus	Eurotiomycetes
Aspergillus_arachidicola_KAE8347649.1	KAE8347649.1	GCA_009193545.1	NotLichen	Dit	Aspergillus_arachidicola	Aspergillus	Eurotiomycetes
Aspergillus_alliaceus_KAE8393829.1	KAE8393829.1	GCA_009193605.1	NotLichen	Dit	Aspergillus_alliaceus	Aspergillus	Eurotiomycetes
Ashbya_aceris_nom_inval_AGO11079.1	AGO11079.1	GCA_000412225.2	NotLichen	Dit	Ashbya_aceris_nom_inval	Eremothecium	Saccharomycetes
Ascochyta_rabiei_XP_038802792.1	XP_038802792.1	GCF_004011695.1	NotLichen	Dit	Ascochyta_rabiei	Ascochyta	Dothideomycetes
Ascochyta_lentis_KAF9696445.1	KAF9696445.1	GCA_004011705.1	NotLichen	Dit	Ascochyta_lentis	Ascochyta	Dothideomycetes
Ascobolus_immersus_RPA80958.1	RPA80958.1	GCA_003788565.2	NotLichen	Dit	Ascobolus_immersus	Ascobolus	Pezizomycetes
Aplosporella_prunicola_XP_033393932.1	XP_033393932.1	GCF_010093885.1	NotLichen	Dit	Aplosporella_prunicola	Aplosporella	Dothideomycetes
Annulohypoxylon_truncatum_XP_047854128.1	XP_047854128.1	GCF_022578515.1	NotLichen	Dit	Annulohypoxylon_truncatum	Annulohypoxylon	Sordariomycetes
Annulohypoxylon_stygium_KAI1445983.1	KAI1445983.1	GCA_022695755.1	NotLichen	Dit	Annulohypoxylon_stygium	Annulohypoxylon	Sordariomycetes
Annulohypoxylon_nitens_KAI0895451.1	KAI0895451.1	GCA_022496965.1	NotLichen	Dit	Annulohypoxylon_nitens	Annulohypoxylon	Sordariomycetes
Annulohypoxylon_moriforme_KAI1454713.1	KAI1454713.1	GCA_022695765.1	NotLichen	Dit	Annulohypoxylon_moriforme	Annulohypoxylon	Sordariomycetes
Annulohypoxylon_maeteangense_XP_047815414.1	XP_047815414.1	GCF_022496945.1	NotLichen	Dit	Annulohypoxylon_maeteangense	Annulohypoxylon	Sordariomycetes
Annulohypoxylon_bovei_KAI2469528.1	KAI2469528.1	GCA_022836615.1	NotLichen	Dit	Annulohypoxylon_bovei	Annulohypoxylon	Sordariomycetes
Amylocarpus_encephaloides_KAG9233565.1	KAG9233565.1	GCA_019669835.1	NotLichen	Dit	Amylocarpus_encephaloides	Amylocarpus	Leotiomycetes
Ampelomyces_quisqualis_KAF1919205.1	KAF1919205.1	GCA_010094095.1	NotLichen	Dit	Ampelomyces_quisqualis	Ampelomyces	Dothideomycetes
Ampelomyces_quisqualis_KAF1916209.1	KAF1916209.1	GCA_010094095.1	NotLichen	Dit	Ampelomyces_quisqualis	Ampelomyces	Dothideomycetes
Amniculicola_lignicola_KAF2001466.1	KAF2001466.1	GCA_010015725.1	NotLichen	Dit	Amniculicola_lignicola	Amniculicola	Dothideomycetes
Alternaria_tenuissima_RYN60177.1	RYN60177.1	GCA_004154735.1	NotLichen	Dit	Alternaria_tenuissima	Alternaria	Dothideomycetes
Alternaria_sp_MG1_RII17964.1	RII17964.1	GCA_003574525.1	NotLichen	Dit	Alternaria_sp_MG1	Alternaria	Dothideomycetes
Alternaria_postmessia_KAI5380110.1	KAI5380110.1	GCA_024291825.1	NotLichen	Dit	Alternaria_postmessia	Alternaria	Dothideomycetes
Alternaria_panax_KAG9190269.1	KAG9190269.1	GCA_019702505.1	NotLichen	Dit	Alternaria_panax	Alternaria	Dothideomycetes
Alternaria_gaisen_KAB2103971.1	KAB2103971.1	GCA_004156025.2	NotLichen	Dit	Alternaria_gaisen	Alternaria	Dothideomycetes
Alternaria_burnsii_XP_038783698.1	XP_038783698.1	GCF_013036055.1	NotLichen	Dit	Alternaria_burnsii	Alternaria	Dothideomycetes
Alternaria_atra_XP_043174721.1	XP_043174721.1	GCF_907166805.1	NotLichen	Dit	Alternaria_atra	Alternaria	Dothideomycetes
Alternaria_arborescens_XP_028509902.1	XP_028509902.1	GCF_004154835.1	NotLichen	Dit	Alternaria_arborescens	Alternaria	Dothideomycetes
Alternaria_alternata_OWY51764.1	OWY51764.1	GCA_001572055.1	NotLichen	Dit	Alternaria_alternata	Alternaria	Dothideomycetes
Aaosphaeria_arxii_XP_033376822.1	XP_033376822.1	GCF_010015735.1	NotLichen	Dit	Aaosphaeria_arxii	Aaosphaeria	Dothideomycetes
Talaromyces_verruculosus_KUL83045.1	KUL83045.1	GCA_001305275.1	NotLichen	gcf_1	Talaromyces_verruculosus	Talaromyces	Eurotiomycetes
Talaromyces_verruculosus_KUL83035.1	KUL83035.1	GCA_001305275.1	NotLichen	gcf_1	Talaromyces_verruculosus	Talaromyces	Eurotiomycetes
Talaromyces_stipitatus_XP_002340230.1	XP_002340230.1	GCF_000003125.1	NotLichen	gcf_1	Talaromyces_stipitatus	Talaromyces	Eurotiomycetes
Talaromyces_stipitatus_XP_002340227.1	XP_002340227.1	GCF_000003125.1	NotLichen	gcf_1	Talaromyces_stipitatus	Talaromyces	Eurotiomycetes
Talaromyces_pinophilus_KAF3400380.1	KAF3400380.1	GCA_011392495.1	NotLichen	gcf_1	Talaromyces_pinophilus	Talaromyces	Eurotiomycetes
Talaromyces_pinophilus_KAF3400378.1	KAF3400378.1	GCA_011392495.1	NotLichen	gcf_1	Talaromyces_pinophilus	Talaromyces	Eurotiomycetes
Talaromyces_marneffei_KAE8555750.1	KAE8555750.1	GCA_009650675.1	NotLichen	gcf_1	Talaromyces_marneffei	Talaromyces	Eurotiomycetes
Talaromyces_marneffei_KAE8555747.1	KAE8555747.1	GCA_009650675.1	NotLichen	gcf_1	Talaromyces_marneffei	Talaromyces	Eurotiomycetes
Talaromyces_cellulolyticus_GAM34639.1	GAM34639.1	GCA_000829775.1	NotLichen	gcf_1	Talaromyces_cellulolyticus	Talaromyces	Eurotiomycetes
Talaromyces_cellulolyticus_GAM34638.1	GAM34638.1	GCA_000829775.1	NotLichen	gcf_1	Talaromyces_cellulolyticus	Talaromyces	Eurotiomycetes
Talaromyces_atroroseus_XP_020118442.1	XP_020118442.1	GCF_001907595.1	NotLichen	gcf_1	Talaromyces_atroroseus	Talaromyces	Eurotiomycetes
Talaromyces_atroroseus_XP_020118189.1	XP_020118189.1	GCF_001907595.1	NotLichen	gcf_1	Talaromyces_atroroseus	Talaromyces	Eurotiomycetes
Talaromyces_amestolkiae_XP_040734143.1	XP_040734143.1	GCF_001896365.1	NotLichen	gcf_1	Talaromyces_amestolkiae	Talaromyces	Eurotiomycetes
Talaromyces_amestolkiae_XP_040734140.1	XP_040734140.1	GCF_001896365.1	NotLichen	gcf_1	Talaromyces_amestolkiae	Talaromyces	Eurotiomycetes
Stachybotrys_elegans_KAH7309635.1	KAH7309635.1	GCA_020746835.1	NotLichen	gcf_1	Stachybotrys_elegans	Stachybotrys	Sordariomycetes
Stachybotrys_elegans_KAH7309634.1	KAH7309634.1	GCA_020746835.1	NotLichen	gcf_1	Stachybotrys_elegans	Stachybotrys	Sordariomycetes
Pestalotiopsis_fici_XP_007834848.1	XP_007834848.1	GCF_000516985.1	NotLichen	gcf_1	Pestalotiopsis_fici	Pestalotiopsis	Sordariomycetes
Pestalotiopsis_fici_XP_007834847.1	XP_007834847.1	GCF_000516985.1	NotLichen	gcf_1	Pestalotiopsis_fici	Pestalotiopsis	Sordariomycetes
Penicillium_vulpinum_OQE11598.1	OQE11598.1	GCA_002072255.1	NotLichen	gcf_1	Penicillium_vulpinum	Penicillium	Eurotiomycetes
Penicillium_vulpinum_OQE11558.1	OQE11558.1	GCA_002072255.1	NotLichen	gcf_1	Penicillium_vulpinum	Penicillium	Eurotiomycetes
Penicillium_sp_str_12_KAF4761155.1	KAF4761155.1	GCA_013138035.1	NotLichen	gcf_1	Penicillium_sp_str_12	Penicillium	Eurotiomycetes
Penicillium_sp_str_12_KAF4761005.1	KAF4761005.1	GCA_013138035.1	NotLichen	gcf_1	Penicillium_sp_str_12	Penicillium	Eurotiomycetes
Penicillium_sp_occitanis_PCH01316.1	PCH01316.1	GCA_002382835.1	NotLichen	gcf_1	Penicillium_sp_occitanis	Penicillium	Eurotiomycetes
Penicillium_sp_occitanis_PCH01313.1	PCH01313.1	GCA_002382835.1	NotLichen	gcf_1	Penicillium_sp_occitanis	Penicillium	Eurotiomycetes
Penicillium_solitum_XP_040811511.1	XP_040811511.1	GCF_002072235.1	NotLichen	gcf_1	Penicillium_solitum	Penicillium	Eurotiomycetes
Penicillium_solitum_XP_040811439.1	XP_040811439.1	GCF_002072235.1	NotLichen	gcf_1	Penicillium_solitum	Penicillium	Eurotiomycetes
Penicillium_salamii_CAG8948590.1	CAG8948590.1	GCA_911639275.1	NotLichen	gcf_1	Penicillium_salamii	Penicillium	Eurotiomycetes
Penicillium_salamii_CAG8948587.1	CAG8948587.1	GCA_911639275.1	NotLichen	gcf_1	Penicillium_salamii	Penicillium	Eurotiomycetes
Penicillium_rubens_XP_002559054.1	XP_002559054.1	GCF_000226395.1	NotLichen	gcf_1	Penicillium_rubens	Penicillium	Eurotiomycetes
Penicillium_rubens_XP_002559051.1	XP_002559051.1	GCF_000226395.1	NotLichen	gcf_1	Penicillium_rubens	Penicillium	Eurotiomycetes
Penicillium_roqueforti_KAI2703295.1	KAI2703295.1	GCA_023091085.1	NotLichen	gcf_1	Penicillium_roqueforti	Penicillium	Eurotiomycetes
Penicillium_roqueforti_KAI2703292.1	KAI2703292.1	GCA_023091085.1	NotLichen	gcf_1	Penicillium_roqueforti	Penicillium	Eurotiomycetes
Penicillium_polonicum_OQD64752.1	OQD64752.1	GCA_002072265.1	NotLichen	gcf_1	Penicillium_polonicum	Penicillium	Eurotiomycetes
Penicillium_polonicum_OQD64464.1	OQD64464.1	GCA_002072265.1	NotLichen	gcf_1	Penicillium_polonicum	Penicillium	Eurotiomycetes
Penicillium_nordicum_KOS40138.1	KOS40138.1	GCA_001278595.1	NotLichen	gcf_1	Penicillium_nordicum	Penicillium	Eurotiomycetes
Penicillium_nordicum_KOS38287.1	KOS38287.1	GCA_001278595.1	NotLichen	gcf_1	Penicillium_nordicum	Penicillium	Eurotiomycetes
Penicillium_nalgiovense_OQE80732.1	OQE80732.1	GCA_002072425.1	NotLichen	gcf_1	Penicillium_nalgiovense	Penicillium	Eurotiomycetes
Penicillium_nalgiovense_OQE80714.1	OQE80714.1	GCA_002072425.1	NotLichen	gcf_1	Penicillium_nalgiovense	Penicillium	Eurotiomycetes
Penicillium_italicum_KGO70910.1	KGO70910.1	GCA_000769765.1	NotLichen	gcf_1	Penicillium_italicum	Penicillium	Eurotiomycetes
Penicillium_italicum_KGO70908.1	KGO70908.1	GCA_000769765.1	NotLichen	gcf_1	Penicillium_italicum	Penicillium	Eurotiomycetes
Penicillium_griseofulvum_XP_040652405.1	XP_040652405.1	GCF_001561935.1	NotLichen	gcf_1	Penicillium_griseofulvum	Penicillium	Eurotiomycetes
Penicillium_griseofulvum_XP_040652403.1	XP_040652403.1	GCF_001561935.1	NotLichen	gcf_1	Penicillium_griseofulvum	Penicillium	Eurotiomycetes
Penicillium_freii_KUM60590.1	KUM60590.1	GCA_001513925.1	NotLichen	gcf_1	Penicillium_freii	Penicillium	Eurotiomycetes
Penicillium_freii_KUM60581.1	KUM60581.1	GCA_001513925.1	NotLichen	gcf_1	Penicillium_freii	Penicillium	Eurotiomycetes
Penicillium_flavigenum_OQE17377.1	OQE17377.1	GCA_002072365.1	NotLichen	gcf_1	Penicillium_flavigenum	Penicillium	Eurotiomycetes
Penicillium_flavigenum_OQE17370.1	OQE17370.1	GCA_002072365.1	NotLichen	gcf_1	Penicillium_flavigenum	Penicillium	Eurotiomycetes
Penicillium_expansum_KGO36576.1	KGO36576.1	GCA_000769735.1	NotLichen	gcf_1	Penicillium_expansum	Penicillium	Eurotiomycetes
Penicillium_expansum_KGO36574.1	KGO36574.1	GCA_000769735.1	NotLichen	gcf_1	Penicillium_expansum	Penicillium	Eurotiomycetes
Penicillium_digitatum_QQK39972.1	QQK39972.1	GCA_016767815.1	NotLichen	gcf_1	Penicillium_digitatum	Penicillium	Eurotiomycetes
Penicillium_digitatum_QQK39969.1	QQK39969.1	GCA_016767815.1	NotLichen	gcf_1	Penicillium_digitatum	Penicillium	Eurotiomycetes
Penicillium_crustosum_KAF7520962.1	KAF7520962.1	GCA_014621375.1	NotLichen	gcf_1	Penicillium_crustosum	Penicillium	Eurotiomycetes
Penicillium_crustosum_KAF7520959.1	KAF7520959.1	GCA_014621375.1	NotLichen	gcf_1	Penicillium_crustosum	Penicillium	Eurotiomycetes
Penicillium_coprophilum_OQE39314.1	OQE39314.1	GCA_002072405.1	NotLichen	gcf_1	Penicillium_coprophilum	Penicillium	Eurotiomycetes
Penicillium_coprophilum_OQE39138.1	OQE39138.1	GCA_002072405.1	NotLichen	gcf_1	Penicillium_coprophilum	Penicillium	Eurotiomycetes
Penicillium_chrysogenum_KZN92848.1	KZN92848.1	GCA_000710275.1	NotLichen	gcf_1	Penicillium_chrysogenum	Penicillium	Eurotiomycetes
Penicillium_chrysogenum_KZN92846.1	KZN92846.1	GCA_000710275.1	NotLichen	gcf_1	Penicillium_chrysogenum	Penicillium	Eurotiomycetes
Penicillium_camemberti_CRL23940.1	CRL23940.1	GCA_000513335.1	NotLichen	gcf_1	Penicillium_camemberti	Penicillium	Eurotiomycetes
Penicillium_camemberti_CRL23937.1	CRL23937.1	GCA_000513335.1	NotLichen	gcf_1	Penicillium_camemberti	Penicillium	Eurotiomycetes
Penicillium_arizonense_XP_022484247.1	XP_022484247.1	GCF_001773325.1	NotLichen	gcf_1	Penicillium_arizonense	Penicillium	Eurotiomycetes
Penicillium_arizonense_XP_022484218.1	XP_022484218.1	GCF_001773325.1	NotLichen	gcf_1	Penicillium_arizonense	Penicillium	Eurotiomycetes
Penicillium_antarcticum_OQD82778.1	OQD82778.1	GCA_002072345.1	NotLichen	gcf_1	Penicillium_antarcticum	Penicillium	Eurotiomycetes
Penicillium_antarcticum_OQD82615.1	OQD82615.1	GCA_002072345.1	NotLichen	gcf_1	Penicillium_antarcticum	Penicillium	Eurotiomycetes
Macrophomina_phaseolina_KAH7063742.1	KAH7063742.1	GCA_020744275.1	NotLichen	gcf_1	Macrophomina_phaseolina	Macrophomina	Dothideomycetes
Macrophomina_phaseolina_KAH7063741.1	KAH7063741.1	GCA_020744275.1	NotLichen	gcf_1	Macrophomina_phaseolina	Macrophomina	Dothideomycetes
Macrophomina_phaseolina_KAH7036372.1	KAH7036372.1	GCA_020744275.1	NotLichen	gcf_1	Macrophomina_phaseolina	Macrophomina	Dothideomycetes
Macrophomina_phaseolina_KAH7036371.1	KAH7036371.1	GCA_020744275.1	NotLichen	gcf_1	Macrophomina_phaseolina	Macrophomina	Dothideomycetes
Lasiodiplodia_theobromae_KAF9636585.1	KAF9636585.1	GCA_002111425.1	NotLichen	gcf_1	Lasiodiplodia_theobromae	Lasiodiplodia	Dothideomycetes
Hyaloscypha_sp_PMI_1271_KAH8746850.1	KAH8746850.1	GCA_021399465.1	NotLichen	gcf_1	Hyaloscypha_sp_PMI_1271	Hyaloscypha	Leotiomycetes
Hyaloscypha_sp_PMI_1271_KAH8746849.1	KAH8746849.1	GCA_021399465.1	NotLichen	gcf_1	Hyaloscypha_sp_PMI_1271	Hyaloscypha	Leotiomycetes
Hyaloscypha_finlandica_KAH8746349.1	KAH8746349.1	GCA_021399475.1	NotLichen	gcf_1	Hyaloscypha_finlandica	Hyaloscypha	Leotiomycetes
Hyaloscypha_finlandica_KAH8746348.1	KAH8746348.1	GCA_021399475.1	NotLichen	gcf_1	Hyaloscypha_finlandica	Hyaloscypha	Leotiomycetes
Hyaloscypha_bicolor_XP_024741171.1	XP_024741171.1	GCF_002865645.1	NotLichen	gcf_1	Hyaloscypha_bicolor	Hyaloscypha	Leotiomycetes
Hyaloscypha_bicolor_XP_024741170.1	XP_024741170.1	GCF_002865645.1	NotLichen	gcf_1	Hyaloscypha_bicolor	Hyaloscypha	Leotiomycetes
Fusarium_sp_NRRL_66182_KAF5004288.1	KAF5004288.1	GCA_013266265.1	NotLichen	gcf_1	Fusarium_sp_NRRL_66182	Fusarium	Sordariomycetes
Fusarium_decemcellulare_KAF5011881.1	KAF5011881.1	GCA_013266205.1	NotLichen	gcf_1	Fusarium_decemcellulare	Fusarium	Sordariomycetes
Fusarium_decemcellulare_KAF5011880.1	KAF5011880.1	GCA_013266205.1	NotLichen	gcf_1	Fusarium_decemcellulare	Fusarium	Sordariomycetes
Fusarium_albosuccineum_KAF4455337.1	KAF4455337.1	GCA_012931995.1	NotLichen	gcf_1	Fusarium_albosuccineum	Fusarium	Sordariomycetes
Fusarium_albosuccineum_KAF4455336.1	KAF4455336.1	GCA_012931995.1	NotLichen	gcf_1	Fusarium_albosuccineum	Fusarium	Sordariomycetes
Diaporthe_helianthi_POS70067.1	POS70067.1	GCA_001702395.2	NotLichen	gcf_1	Diaporthe_helianthi	Diaporthe	Sordariomycetes
Diaporthe_helianthi_POS70066.1	POS70066.1	GCA_001702395.2	NotLichen	gcf_1	Diaporthe_helianthi	Diaporthe	Sordariomycetes
Dactylonectria_macrodidyma_KAH7125938.1	KAH7125938.1	GCA_020744425.1	NotLichen	gcf_1	Dactylonectria_macrodidyma	Dactylonectria	Sordariomycetes
Dactylonectria_macrodidyma_KAH7125937.1	KAH7125937.1	GCA_020744425.1	NotLichen	gcf_1	Dactylonectria_macrodidyma	Dactylonectria	Sordariomycetes
Dactylonectria_macrodidyma_KAH7113623.1	KAH7113623.1	GCA_020744425.1	NotLichen	gcf_1	Dactylonectria_macrodidyma	Dactylonectria	Sordariomycetes
Dactylonectria_macrodidyma_KAH7113622.1	KAH7113622.1	GCA_020744425.1	NotLichen	gcf_1	Dactylonectria_macrodidyma	Dactylonectria	Sordariomycetes
Corynespora_cassiicola_PSN59670.1	PSN59670.1	GCA_003016335.1	NotLichen	gcf_1	Corynespora_cassiicola	Corynespora	Dothideomycetes
Corynespora_cassiicola_PSN59669.1	PSN59669.1	GCA_003016335.1	NotLichen	gcf_1	Corynespora_cassiicola	Corynespora	Dothideomycetes
Colletotrichum_viniferum_KAF4926123.1	KAF4926123.1	GCA_013201765.1	NotLichen	gcf_1	Colletotrichum_viniferum	Colletotrichum	Sordariomycetes
Colletotrichum_viniferum_KAF4926118.1	KAF4926118.1	GCA_013201765.1	NotLichen	gcf_1	Colletotrichum_viniferum	Colletotrichum	Sordariomycetes
Colletotrichum_tropicale_KAF4827926.1	KAF4827926.1	GCA_013201785.1	NotLichen	gcf_1	Colletotrichum_tropicale	Colletotrichum	Sordariomycetes
Colletotrichum_tropicale_KAF4827923.1	KAF4827923.1	GCA_013201785.1	NotLichen	gcf_1	Colletotrichum_tropicale	Colletotrichum	Sordariomycetes
Colletotrichum_trifolii_TDZ46124.1	TDZ46124.1	GCA_004367215.1	NotLichen	gcf_1	Colletotrichum_trifolii	Colletotrichum	Sordariomycetes
Colletotrichum_trifolii_TDZ46123.1	TDZ46123.1	GCA_004367215.1	NotLichen	gcf_1	Colletotrichum_trifolii	Colletotrichum	Sordariomycetes
Colletotrichum_sublineola_KDN67630.1	KDN67630.1	GCA_000696135.1	NotLichen	gcf_1	Colletotrichum_sublineola	Colletotrichum	Sordariomycetes
Colletotrichum_sublineola_KDN67629.1	KDN67629.1	GCA_000696135.1	NotLichen	gcf_1	Colletotrichum_sublineola	Colletotrichum	Sordariomycetes
Colletotrichum_spinosum_TDZ27412.1	TDZ27412.1	GCA_004366825.1	NotLichen	gcf_1	Colletotrichum_spinosum	Colletotrichum	Sordariomycetes
Colletotrichum_spinosum_TDZ27410.1	TDZ27410.1	GCA_004366825.1	NotLichen	gcf_1	Colletotrichum_spinosum	Colletotrichum	Sordariomycetes
Colletotrichum_siamense_KAF4866809.1	KAF4866809.1	GCA_013201745.1	NotLichen	gcf_1	Colletotrichum_siamense	Colletotrichum	Sordariomycetes
Colletotrichum_siamense_KAF4866808.1	KAF4866808.1	GCA_013201745.1	NotLichen	gcf_1	Colletotrichum_siamense	Colletotrichum	Sordariomycetes
Colletotrichum_plurivorum_KAF6818054.1	KAF6818054.1	GCA_014235945.1	NotLichen	gcf_1	Colletotrichum_plurivorum	Colletotrichum	Sordariomycetes
Colletotrichum_plurivorum_KAF6818053.1	KAF6818053.1	GCA_014235945.1	NotLichen	gcf_1	Colletotrichum_plurivorum	Colletotrichum	Sordariomycetes
Colletotrichum_orbiculare_TDZ26084.1	TDZ26084.1	GCA_000350065.2	NotLichen	gcf_1	Colletotrichum_orbiculare	Colletotrichum	Sordariomycetes
Colletotrichum_orbiculare_TDZ26083.1	TDZ26083.1	GCA_000350065.2	NotLichen	gcf_1	Colletotrichum_orbiculare	Colletotrichum	Sordariomycetes
Colletotrichum_musicola_KAF6841837.1	KAF6841837.1	GCA_014235935.1	NotLichen	gcf_1	Colletotrichum_musicola	Colletotrichum	Sordariomycetes
Colletotrichum_musicola_KAF6841836.1	KAF6841836.1	GCA_014235935.1	NotLichen	gcf_1	Colletotrichum_musicola	Colletotrichum	Sordariomycetes
Colletotrichum_higginsianum_TIC91549.1	TIC91549.1	GCA_004920355.1	NotLichen	gcf_1	Colletotrichum_higginsianum	Colletotrichum	Sordariomycetes
Colletotrichum_higginsianum_TIC91548.1	TIC91548.1	GCA_004920355.1	NotLichen	gcf_1	Colletotrichum_higginsianum	Colletotrichum	Sordariomycetes
Colletotrichum_graminicola_XP_008100802.1	XP_008100802.1	GCF_000149035.1	NotLichen	gcf_1	Colletotrichum_graminicola	Colletotrichum	Sordariomycetes
Colletotrichum_graminicola_XP_008098147.1	XP_008098147.1	GCF_000149035.1	NotLichen	gcf_1	Colletotrichum_graminicola	Colletotrichum	Sordariomycetes
Colletotrichum_graminicola_XP_008098146.1	XP_008098146.1	GCF_000149035.1	NotLichen	gcf_1	Colletotrichum_graminicola	Colletotrichum	Sordariomycetes
Colletotrichum_gloeosporioides_KAH9228788.1	KAH9228788.1	GCA_021432615.1	NotLichen	gcf_1	Colletotrichum_gloeosporioides	Colletotrichum	Sordariomycetes
Colletotrichum_gloeosporioides_KAH9228787.1	KAH9228787.1	GCA_021432615.1	NotLichen	gcf_1	Colletotrichum_gloeosporioides	Colletotrichum	Sordariomycetes
Colletotrichum_fructicola_KAF4492614.1	KAF4492614.1	GCA_000319635.2	NotLichen	gcf_1	Colletotrichum_fructicola	Colletotrichum	Sordariomycetes
Colletotrichum_fructicola_KAF4492613.1	KAF4492613.1	GCA_000319635.2	NotLichen	gcf_1	Colletotrichum_fructicola	Colletotrichum	Sordariomycetes
Colletotrichum_camelliae_KAH0423569.1	KAH0423569.1	GCA_011947485.2	NotLichen	gcf_1	Colletotrichum_camelliae	Colletotrichum	Sordariomycetes
Colletotrichum_camelliae_KAH0423568.1	KAH0423568.1	GCA_011947485.2	NotLichen	gcf_1	Colletotrichum_camelliae	Colletotrichum	Sordariomycetes
Colletotrichum_asianum_KAF0317406.1	KAF0317406.1	GCA_009806415.1	NotLichen	gcf_1	Colletotrichum_asianum	Colletotrichum	Sordariomycetes
Colletotrichum_aenigma_XP_037186053.1	XP_037186053.1	GCF_013390185.1	NotLichen	gcf_1	Colletotrichum_aenigma	Colletotrichum	Sordariomycetes
Colletotrichum_aenigma_XP_037185130.1	XP_037185130.1	GCF_013390185.1	NotLichen	gcf_1	Colletotrichum_aenigma	Colletotrichum	Sordariomycetes
Botryosphaeria_dothidea_KAF4311483.1	KAF4311483.1	GCA_011503125.2	NotLichen	gcf_1	Botryosphaeria_dothidea	Botryosphaeria	Dothideomycetes
Botryosphaeria_dothidea_KAF4311480.1	KAF4311480.1	GCA_011503125.2	NotLichen	gcf_1	Botryosphaeria_dothidea	Botryosphaeria	Dothideomycetes
Botryosphaeria_dothidea_KAF4308224.1	KAF4308224.1	GCA_011503125.2	NotLichen	gcf_1	Botryosphaeria_dothidea	Botryosphaeria	Dothideomycetes
Boeremia_exigua_KAH6622477.1	KAH6622477.1	GCA_020726555.1	NotLichen	gcf_1	Boeremia_exigua	Boeremia	Dothideomycetes
Boeremia_exigua_KAH6622476.1	KAH6622476.1	GCA_020726555.1	NotLichen	gcf_1	Boeremia_exigua	Boeremia	Dothideomycetes
Bipolaris_zeicola_XP_007713832.1	XP_007713832.1	GCF_000523435.1	NotLichen	gcf_1	Bipolaris_zeicola	Bipolaris	Dothideomycetes
Bipolaris_zeicola_XP_007713829.1	XP_007713829.1	GCF_000523435.1	NotLichen	gcf_1	Bipolaris_zeicola	Bipolaris	Dothideomycetes
Bipolaris_victoriae_XP_014559421.1	XP_014559421.1	GCF_000527765.1	NotLichen	gcf_1	Bipolaris_victoriae	Bipolaris	Dothideomycetes
Bipolaris_victoriae_XP_014559419.1	XP_014559419.1	GCF_000527765.1	NotLichen	gcf_1	Bipolaris_victoriae	Bipolaris	Dothideomycetes
Bipolaris_sorokiniana_XP_007702882.1	XP_007702882.1	GCF_000338995.1	NotLichen	gcf_1	Bipolaris_sorokiniana	Bipolaris	Dothideomycetes
Bipolaris_sorokiniana_XP_007702614.1	XP_007702614.1	GCF_000338995.1	NotLichen	gcf_1	Bipolaris_sorokiniana	Bipolaris	Dothideomycetes
Bipolaris_oryzae_XP_007687044.1	XP_007687044.1	GCF_000523455.1	NotLichen	gcf_1	Bipolaris_oryzae	Bipolaris	Dothideomycetes
Bipolaris_oryzae_XP_007687041.1	XP_007687041.1	GCF_000523455.1	NotLichen	gcf_1	Bipolaris_oryzae	Bipolaris	Dothideomycetes
Bipolaris_maydis_XP_014082599.1	XP_014082599.1	GCF_000354255.1	NotLichen	gcf_1	Bipolaris_maydis	Bipolaris	Dothideomycetes
Bipolaris_maydis_XP_014082596.1	XP_014082596.1	GCF_000354255.1	NotLichen	gcf_1	Bipolaris_maydis	Bipolaris	Dothideomycetes
Alternaria_panax_KAG9195583.1	KAG9195583.1	GCA_019702505.1	NotLichen	gcf_1	Alternaria_panax	Alternaria	Dothideomycetes
Alternaria_panax_KAG9195582.1	KAG9195582.1	GCA_019702505.1	NotLichen	gcf_1	Alternaria_panax	Alternaria	Dothideomycetes
Zopfia_rhizophila_KAF2189946.1	KAF2189946.1	GCA_010093925.1	NotLichen	gcf_4	Zopfia_rhizophila	Zopfia	Dothideomycetes
Zopfia_rhizophila_KAF2188834.1	KAF2188834.1	GCA_010093925.1	NotLichen	gcf_4	Zopfia_rhizophila	Zopfia	Dothideomycetes
Zopfia_rhizophila_KAF2184527.1	KAF2184527.1	GCA_010093925.1	NotLichen	gcf_4	Zopfia_rhizophila	Zopfia	Dothideomycetes
Zopfia_rhizophila_KAF2183622.1	KAF2183622.1	GCA_010093925.1	NotLichen	gcf_4	Zopfia_rhizophila	Zopfia	Dothideomycetes
Zopfia_rhizophila_KAF2181235.1	KAF2181235.1	GCA_010093925.1	NotLichen	gcf_4	Zopfia_rhizophila	Zopfia	Dothideomycetes
Xylona_heveae_XP_018185737.1	XP_018185737.1	GCF_001619985.1	NotLichen	gcf_4	Xylona_heveae	Xylona	Xylonomycetes
Xylariaceae_sp_FL0255_KAI1323440.1	KAI1323440.1	GCA_022578795.1	NotLichen	gcf_4	Xylariaceae_sp_FL0255		Sordariomycetes
Xylariaceae_sp_AK1471_KAI3322286.1	KAI3322286.1	GCA_023159215.1	NotLichen	gcf_4	Xylariaceae_sp_AK1471		Sordariomycetes
Xylaria_nigripes_KAI2624507.1	KAI2624507.1	GCA_022984845.1	NotLichen	gcf_4	Xylaria_nigripes	Xylaria	Sordariomycetes
Xylaria_intraflava_KAI1826660.1	KAI1826660.1	GCA_022385655.1	NotLichen	gcf_4	Xylaria_intraflava	Xylaria	Sordariomycetes
Xylaria_grammica_KAI0415067.1	KAI0415067.1	GCA_022495055.1	NotLichen	gcf_4	Xylaria_grammica	Xylaria	Sordariomycetes
Xylaria_castorea_KAI1749747.1	KAI1749747.1	GCA_022495115.1	NotLichen	gcf_4	Xylaria_castorea	Xylaria	Sordariomycetes
Venustampulla_echinocandica_XP_031867136.1	XP_031867136.1	GCF_003357145.1	NotLichen	gcf_4	Venustampulla_echinocandica	Venustampulla	Leotiomycetes
Venturia_inaequalis_KAE9971227.1	KAE9971227.1	GCA_009769405.1	NotLichen	gcf_4	Venturia_inaequalis	Venturia	Dothideomycetes
Trapelia_coarctata_MCJ1249024.1	MCJ1249024.1	GCA_022813945.1	Lichen	gcf_4	Trapelia_coarctata	Trapelia	Lecanoromycetes
Thelonectria_olida_KAH6873788.1	KAH6873788.1	GCA_020736575.1	NotLichen	gcf_4	Thelonectria_olida	Thelonectria	Sordariomycetes
Teloschistes_peruensis_KAI4109238.1	KAI4109238.1	GCA_023645835.1	Lichen	gcf_4	Teloschistes_peruensis	Teloschistes	Lecanoromycetes
Rhexocercosporidium_sp_MPIPUGEAT0058_KAH7310169.1	KAH7310169.1	GCA_020746875.1	NotLichen	gcf_4	Rhexocercosporidium_sp_MPIPUGEAT0058	Rhexocercosporidium	Leotiomycetes
Pyrenochaeta_sp_MPISDFRAT0127_KAH7394736.1	KAH7394736.1	GCA_020747015.1	NotLichen	gcf_4	Pyrenochaeta_sp_MPISDFRAT0127	Pyrenochaeta	Dothideomycetes
Polychaeton_citri_KAF2724383.1	KAF2724383.1	GCA_010093785.1	NotLichen	gcf_4	Polychaeton_citri	Polychaeton	Dothideomycetes
Plenodomus_tracheiphilus_KAF2850861.1	KAF2850861.1	GCA_010093695.1	NotLichen	gcf_4	Plenodomus_tracheiphilus	Plenodomus	Dothideomycetes
Plectosphaerella_cucumerina_KAH7363515.1	KAH7363515.1	GCA_020746995.1	NotLichen	gcf_4	Plectosphaerella_cucumerina	Plectosphaerella	Sordariomycetes
Pestalotiopsis_sp_9143b_KAI4598856.1	KAI4598856.1	GCA_023701735.1	NotLichen	gcf_4	Pestalotiopsis_sp_9143b	Pestalotiopsis	Sordariomycetes
Periconia_macrospinosa_PVH95939.1	PVH95939.1	GCA_003073855.1	NotLichen	gcf_4	Periconia_macrospinosa	Periconia	Dothideomycetes
Neofusicoccum_parvum_XP_007589469.1	XP_007589469.1	GCF_000385595.1	NotLichen	gcf_4	Neofusicoccum_parvum	Neofusicoccum	Dothideomycetes
Neofusicoccum_parvum_XP_007586622.1	XP_007586622.1	GCF_000385595.1	NotLichen	gcf_4	Neofusicoccum_parvum	Neofusicoccum	Dothideomycetes
Nemania_sp_FL0916_KAI1176519.1	KAI1176519.1	GCA_022578715.1	NotLichen	gcf_4	Nemania_sp_FL0916	Nemania	Sordariomycetes
Metarhizium_album_XP_040675969.1	XP_040675969.1	GCF_000804445.1	NotLichen	gcf_4	Metarhizium_album	Metarhizium	Sordariomycetes
Macrophomina_phaseolina_KAH7052137.1	KAH7052137.1	GCA_020744275.1	NotLichen	gcf_4	Macrophomina_phaseolina	Macrophomina	Dothideomycetes
Letrouitia_transgressa_KAI4211283.1	KAI4211283.1	GCA_023646045.1	Lichen	gcf_4	Letrouitia_transgressa	Letrouitia	Lecanoromycetes
Leptosphaeria_maculans_KAH9875832.1	KAH9875832.1	GCA_022343315.1	NotLichen	gcf_4	Leptosphaeria_maculans	Leptosphaeria	Dothideomycetes
Leptodontidium_sp_MPISDFRAT0119_KAH6717435.1	KAH6717435.1	GCA_020726505.1	NotLichen	gcf_4	Leptodontidium_sp_MPISDFRAT0119	Leptodontidium	Leotiomycetes
Hypomontagnella_submonticulosa_KAI2627258.1	KAI2627258.1	GCA_022984865.1	NotLichen	gcf_4	Hypomontagnella_submonticulosa	Hypomontagnella	Sordariomycetes
Hypomontagnella_monticulosa_KAI0386925.1	KAI0386925.1	GCA_022385585.1	NotLichen	gcf_4	Hypomontagnella_monticulosa	Hypomontagnella	Sordariomycetes
Fusarium_nygamai_PNP78552.1	PNP78552.1	GCA_002894225.1	NotLichen	gcf_4	Fusarium_nygamai	Fusarium	Sordariomycetes
Fusarium_mundagurra_KAF5699214.1	KAF5699214.1	GCA_013396205.1	NotLichen	gcf_4	Fusarium_mundagurra	Fusarium	Sordariomycetes
fungal_sp_No14919_GAW19422.1	GAW19422.1	GCA_002003505.1	NotLichen	gcf_4	fungal_sp_No14919		
Diplodia_seriata_KKY14470.1	KKY14470.1	GCA_001006355.1	NotLichen	gcf_4	Diplodia_seriata	Diplodia	Dothideomycetes
Diplodia_corticola_XP_020125231.1	XP_020125231.1	GCF_001883845.1	NotLichen	gcf_4	Diplodia_corticola	Diplodia	Dothideomycetes
Cudoniella_acicularis_KAF4613390.1	KAF4613390.1	GCA_013054445.1	NotLichen	gcf_4	Cudoniella_acicularis	Cudoniella	Leotiomycetes
Cryphonectria_parasitica_XP_040772889.1	XP_040772889.1	GCF_011745365.1	NotLichen	gcf_4	Cryphonectria_parasitica	Cryphonectria	Sordariomycetes
Coniella_lustricola_PSR80684.1	PSR80684.1	GCA_003019895.1	NotLichen	gcf_4	Coniella_lustricola	Coniella	Sordariomycetes
Colletotrichum_viniferum_KAF4914935.1	KAF4914935.1	GCA_013201765.1	NotLichen	gcf_4	Colletotrichum_viniferum	Colletotrichum	Sordariomycetes
Colletotrichum_truncatum_XP_036587171.1	XP_036587171.1	GCF_014235925.1	NotLichen	gcf_4	Colletotrichum_truncatum	Colletotrichum	Sordariomycetes
Colletotrichum_tropicale_KAF4829617.1	KAF4829617.1	GCA_013201785.1	NotLichen	gcf_4	Colletotrichum_tropicale	Colletotrichum	Sordariomycetes
Colletotrichum_trifolii_TDZ39015.1	TDZ39015.1	GCA_004367215.1	NotLichen	gcf_4	Colletotrichum_trifolii	Colletotrichum	Sordariomycetes
Colletotrichum_tofieldiae_GKT61457.1	GKT61457.1	GCA_022836555.1	NotLichen	gcf_4	Colletotrichum_tofieldiae	Colletotrichum	Sordariomycetes
Colletotrichum_tanaceti_TKW59576.1	TKW59576.1	GCA_005350895.1	NotLichen	gcf_4	Colletotrichum_tanaceti	Colletotrichum	Sordariomycetes
Colletotrichum_sublineola_KDN61691.1	KDN61691.1	GCA_000696135.1	NotLichen	gcf_4	Colletotrichum_sublineola	Colletotrichum	Sordariomycetes
Colletotrichum_spinosum_TDZ31087.1	TDZ31087.1	GCA_004366825.1	NotLichen	gcf_4	Colletotrichum_spinosum	Colletotrichum	Sordariomycetes
Colletotrichum_spaethianum_XP_049127814.1	XP_049127814.1	GCF_022836535.1	NotLichen	gcf_4	Colletotrichum_spaethianum	Colletotrichum	Sordariomycetes
Colletotrichum_simmondsii_KXH52230.1	KXH52230.1	GCA_001563135.1	NotLichen	gcf_4	Colletotrichum_simmondsii	Colletotrichum	Sordariomycetes
Colletotrichum_siamense_KAF4855732.1	KAF4855732.1	GCA_013201745.1	NotLichen	gcf_4	Colletotrichum_siamense	Colletotrichum	Sordariomycetes
Colletotrichum_shisoi_TQN69677.1	TQN69677.1	GCA_006783085.1	NotLichen	gcf_4	Colletotrichum_shisoi	Colletotrichum	Sordariomycetes
Colletotrichum_scovillei_XP_035331877.1	XP_035331877.1	GCF_011075155.1	NotLichen	gcf_4	Colletotrichum_scovillei	Colletotrichum	Sordariomycetes
Colletotrichum_salicis_KXH68740.1	KXH68740.1	GCA_001563125.1	NotLichen	gcf_4	Colletotrichum_salicis	Colletotrichum	Sordariomycetes
Colletotrichum_plurivorum_KAF6828315.1	KAF6828315.1	GCA_014235945.1	NotLichen	gcf_4	Colletotrichum_plurivorum	Colletotrichum	Sordariomycetes
Colletotrichum_orchidophilum_XP_022477578.1	XP_022477578.1	GCF_001831195.1	NotLichen	gcf_4	Colletotrichum_orchidophilum	Colletotrichum	Sordariomycetes
Colletotrichum_orbiculare_TDZ17109.1	TDZ17109.1	GCA_000350065.2	NotLichen	gcf_4	Colletotrichum_orbiculare	Colletotrichum	Sordariomycetes
Colletotrichum_nymphaeae_KXH64559.1	KXH64559.1	GCA_001563115.1	NotLichen	gcf_4	Colletotrichum_nymphaeae	Colletotrichum	Sordariomycetes
Colletotrichum_musicola_KAF6835369.1	KAF6835369.1	GCA_014235935.1	NotLichen	gcf_4	Colletotrichum_musicola	Colletotrichum	Sordariomycetes
Colletotrichum_lupini_XP_049138434.1	XP_049138434.1	GCF_023278565.1	NotLichen	gcf_4	Colletotrichum_lupini	Colletotrichum	Sordariomycetes
Colletotrichum_karsti_KAF9870949.1	KAF9870949.1	GCA_011947395.2	NotLichen	gcf_4	Colletotrichum_karsti	Colletotrichum	Sordariomycetes
Colletotrichum_incanum_OHW97049.1	OHW97049.1	GCA_001855235.1	NotLichen	gcf_4	Colletotrichum_incanum	Colletotrichum	Sordariomycetes
Colletotrichum_higginsianum_TID06464.1	TID06464.1	GCA_004920355.1	NotLichen	gcf_4	Colletotrichum_higginsianum	Colletotrichum	Sordariomycetes
Colletotrichum_graminicola_XP_008100211.1	XP_008100211.1	GCF_000149035.1	NotLichen	gcf_4	Colletotrichum_graminicola	Colletotrichum	Sordariomycetes
Colletotrichum_gloeosporioides_KAH9240617.1	KAH9240617.1	GCA_021432615.1	NotLichen	gcf_4	Colletotrichum_gloeosporioides	Colletotrichum	Sordariomycetes
Colletotrichum_fructicola_KAF4492105.1	KAF4492105.1	GCA_000319635.2	NotLichen	gcf_4	Colletotrichum_fructicola	Colletotrichum	Sordariomycetes
Colletotrichum_fioriniae_XP_007594738.1	XP_007594738.1	GCF_000582985.1	NotLichen	gcf_4	Colletotrichum_fioriniae	Colletotrichum	Sordariomycetes
Colletotrichum_filicis_KAI3538148.1	KAI3538148.1	GCA_023376865.1	NotLichen	gcf_4	Colletotrichum_filicis	Colletotrichum	Sordariomycetes
Colletotrichum_chlorophyti_OLN87378.1	OLN87378.1	GCA_001937105.1	NotLichen	gcf_4	Colletotrichum_chlorophyti	Colletotrichum	Sordariomycetes
Colletotrichum_camelliae_KAH0425987.1	KAH0425987.1	GCA_011947485.2	NotLichen	gcf_4	Colletotrichum_camelliae	Colletotrichum	Sordariomycetes
Colletotrichum_asianum_KAF0327129.1	KAF0327129.1	GCA_009806415.1	NotLichen	gcf_4	Colletotrichum_asianum	Colletotrichum	Sordariomycetes
Colletotrichum_aenigma_XP_037184238.1	XP_037184238.1	GCF_013390185.1	NotLichen	gcf_4	Colletotrichum_aenigma	Colletotrichum	Sordariomycetes
Colletotrichum_abscissum_KAI3556817.1	KAI3556817.1	GCA_023376855.1	NotLichen	gcf_4	Colletotrichum_abscissum	Colletotrichum	Sordariomycetes
Chalara_longipes_KAE9379914.1	KAE9379914.1	GCA_009732865.1	NotLichen	gcf_4	Chalara_longipes	Chalara	Leotiomycetes
Chaetothyriales_sp_CBS_134916_RMZ79883.1	RMZ79883.1	GCA_003709845.1	NotLichen	gcf_4	Chaetothyriales_sp_CBS_134916		Eurotiomycetes
Camillea_tinctor_KAI5924925.1	KAI5924925.1	GCA_022578605.1	NotLichen	gcf_4	Camillea_tinctor	Camillea	Sordariomycetes
Caloplaca_ligustica_KAI4139802.1	KAI4139802.1	GCA_023645885.1	Lichen	gcf_4	Caloplaca_ligustica	Caloplaca	Lecanoromycetes
Biscogniauxia_sp_FL1348_KAI0602879.1	KAI0602879.1	GCA_022544895.1	NotLichen	gcf_4	Biscogniauxia_sp_FL1348	Biscogniauxia	Sordariomycetes
Biscogniauxia_mediterranea_KAI1633315.1	KAI1633315.1	GCA_022478735.1	NotLichen	gcf_4	Biscogniauxia_mediterranea	Biscogniauxia	Sordariomycetes
Biscogniauxia_marginata_KAI1499112.1	KAI1499112.1	GCA_022695795.1	NotLichen	gcf_4	Biscogniauxia_marginata	Biscogniauxia	Sordariomycetes
Aspergillus_ruber_XP_040641139.1	XP_040641139.1	GCF_000600275.1	NotLichen	gcf_4	Aspergillus_ruber	Aspergillus	Eurotiomycetes
Aspergillus_glaucus_XP_022399218.1	XP_022399218.1	GCF_001890805.1	NotLichen	gcf_4	Aspergillus_glaucus	Aspergillus	Eurotiomycetes
Aspergillus_cristatus_ODM16436.1	ODM16436.1	GCA_001717485.1	NotLichen	gcf_4	Aspergillus_cristatus	Aspergillus	Eurotiomycetes
Aspergillus_chevalieri_XP_043136452.1	XP_043136452.1	GCF_016861735.1	NotLichen	gcf_4	Aspergillus_chevalieri	Aspergillus	Eurotiomycetes
Aplosporella_prunicola_XP_033393891.1	XP_033393891.1	GCF_010093885.1	NotLichen	gcf_4	Aplosporella_prunicola	Aplosporella	Dothideomycetes
Annulohypoxylon_bovei_KAI2464696.1	KAI2464696.1	GCA_022836615.1	NotLichen	gcf_4	Annulohypoxylon_bovei	Annulohypoxylon	Sordariomycetes
Xylariomycetidae_sp_FL2044_KAH9905169.1	KAH9905169.1	GCA_022376275.1	NotLichen	gcf_6	Xylariomycetidae_sp_FL2044		Sordariomycetes
Xylariales_sp_PMI_506_KAH8651434.1	KAH8651434.1	GCA_021365275.1	NotLichen	gcf_6	Xylariales_sp_PMI_506		Sordariomycetes
Xylariaceae_sp_FL0662B_KAI0010805.1	KAI0010805.1	GCA_022376535.1	NotLichen	gcf_6	Xylariaceae_sp_FL0662B		Sordariomycetes
Xylaria_telfairii_KAI0440046.1	KAI0440046.1	GCA_022495065.1	NotLichen	gcf_6	Xylaria_telfairii	Xylaria	Sordariomycetes
Xylaria_cf_heliscus_KAI0483810.1	KAI0483810.1	GCA_022539335.1	NotLichen	gcf_6	Xylaria_cf_heliscus	Xylaria	Sordariomycetes
Whalleya_microplaca_KAI1077747.1	KAI1077747.1	GCA_022497155.1	NotLichen	gcf_6	Whalleya_microplaca	Whalleya	Sordariomycetes
Wardomyces_moseri_KAI1852996.1	KAI1852996.1	GCA_022829195.1	NotLichen	gcf_6	Wardomyces_moseri	Wardomyces	Sordariomycetes
Verticillium_nonalfalfae_XP_028496707.1	XP_028496707.1	GCF_003724135.2	NotLichen	gcf_6	Verticillium_nonalfalfae	Verticillium	Sordariomycetes
Ustulina_deusta_KAI0903026.1	KAI0903026.1	GCA_022496955.1	NotLichen	gcf_6	Ustulina_deusta	Ustulina	Sordariomycetes
Ustilaginoidea_virens_QUC21371.1	QUC21371.1	GCA_000687475.2	NotLichen	gcf_6	Ustilaginoidea_virens	Ustilaginoidea	Sordariomycetes
Uncinocarpus_reesii_EEP78013.1	EEP78013.1	GCA_000003515.2	NotLichen	gcf_6	Uncinocarpus_reesii	Uncinocarpus	Eurotiomycetes
Tulosesus_angulatus_KAF5309310.1	KAF5309310.1	GCA_013368325.1	NotLichen	gcf_6	Tulosesus_angulatus	Tulosesus	Agaricomycetes
Truncatella_angustata_XP_045951534.1	XP_045951534.1	GCF_020726525.1	NotLichen	gcf_6	Truncatella_angustata	Truncatella	Sordariomycetes
Trichoderma_virens_EHK26811.1	EHK26811.1	GCA_000170995.2	NotLichen	gcf_6	Trichoderma_virens	Trichoderma	Sordariomycetes
Trichoderma_simmonsii_QYT05146.1	QYT05146.1	GCA_019565615.1	NotLichen	gcf_6	Trichoderma_simmonsii	Trichoderma	Sordariomycetes
Trichoderma_semiorbis_KAH0522848.1	KAH0522848.1	GCA_020045945.2	NotLichen	gcf_6	Trichoderma_semiorbis	Trichoderma	Sordariomycetes
Trichoderma_reesei_EGR44678.1	EGR44678.1	GCA_000167675.2	NotLichen	gcf_6	Trichoderma_reesei	Trichoderma	Sordariomycetes
Trichoderma_parareesei_OTA00327.1	OTA00327.1	GCA_001050175.1	NotLichen	gcf_6	Trichoderma_parareesei	Trichoderma	Sordariomycetes
Trichoderma_longibrachiatum_PTB71798.1	PTB71798.1	GCA_003025155.1	NotLichen	gcf_6	Trichoderma_longibrachiatum	Trichoderma	Sordariomycetes
Trichoderma_lentiforme_KAF3070287.1	KAF3070287.1	GCA_011066345.1	NotLichen	gcf_6	Trichoderma_lentiforme	Trichoderma	Sordariomycetes
Trichoderma_harzianum_XP_024770603.1	XP_024770603.1	GCF_003025095.1	NotLichen	gcf_6	Trichoderma_harzianum	Trichoderma	Sordariomycetes
Trichoderma_guizhouense_OPB40583.1	OPB40583.1	GCA_002022785.1	NotLichen	gcf_6	Trichoderma_guizhouense	Trichoderma	Sordariomycetes
Trichoderma_gracile_KAH0489732.1	KAH0489732.1	GCA_020002365.1	NotLichen	gcf_6	Trichoderma_gracile	Trichoderma	Sordariomycetes
Trichoderma_gamsii_XP_018665419.1	XP_018665419.1	GCF_001481775.1	NotLichen	gcf_6	Trichoderma_gamsii	Trichoderma	Sordariomycetes
Trichoderma_gamsii_XP_018662495.1	XP_018662495.1	GCF_001481775.1	NotLichen	gcf_6	Trichoderma_gamsii	Trichoderma	Sordariomycetes
Trichoderma_cornudamae_KAH6609978.1	KAH6609978.1	GCA_020631695.1	NotLichen	gcf_6	Trichoderma_cornudamae	Trichoderma	Sordariomycetes
Trichoderma_citrinoviride_XP_024748841.1	XP_024748841.1	GCF_003025115.1	NotLichen	gcf_6	Trichoderma_citrinoviride	Trichoderma	Sordariomycetes
Trichoderma_atroviride_EHK44640.1	EHK44640.1	GCA_000171015.2	NotLichen	gcf_6	Trichoderma_atroviride	Trichoderma	Sordariomycetes
Trichoderma_atroviride_EHK39378.1	EHK39378.1	GCA_000171015.2	NotLichen	gcf_6	Trichoderma_atroviride	Trichoderma	Sordariomycetes
Trichoderma_asperellum_XP_024760874.1	XP_024760874.1	GCF_003025105.1	NotLichen	gcf_6	Trichoderma_asperellum	Trichoderma	Sordariomycetes
Trichoderma_asperellum_XP_024758174.1	XP_024758174.1	GCF_003025105.1	NotLichen	gcf_6	Trichoderma_asperellum	Trichoderma	Sordariomycetes
Trichoderma_asperelloides_KAH8130836.1	KAH8130836.1	GCA_021066465.1	NotLichen	gcf_6	Trichoderma_asperelloides	Trichoderma	Sordariomycetes
Trichoderma_asperelloides_KAH8126838.1	KAH8126838.1	GCA_021066465.1	NotLichen	gcf_6	Trichoderma_asperelloides	Trichoderma	Sordariomycetes
Trichoderma_arundinaceum_RFU81260.1	RFU81260.1	GCA_003012105.1	NotLichen	gcf_6	Trichoderma_arundinaceum	Trichoderma	Sordariomycetes
Torrubiella_hemipterigena_CEJ92695.1	CEJ92695.1	GCA_000825705.1	NotLichen	gcf_6	Torrubiella_hemipterigena	Torrubiella	Sordariomycetes
Torrubiella_hemipterigena_CEJ80108.1	CEJ80108.1	GCA_000825705.1	NotLichen	gcf_6	Torrubiella_hemipterigena	Torrubiella	Sordariomycetes
Tolypocladium_paradoxum_POR36253.1	POR36253.1	GCA_002916505.1	NotLichen	gcf_6	Tolypocladium_paradoxum	Tolypocladium	Sordariomycetes
Tolypocladium_ophioglossoides_KND88639.1	KND88639.1	GCA_001189435.1	NotLichen	gcf_6	Tolypocladium_ophioglossoides	Tolypocladium	Sordariomycetes
Tolypocladium_capitatum_PNY29604.1	PNY29604.1	GCA_002901185.1	NotLichen	gcf_6	Tolypocladium_capitatum	Tolypocladium	Sordariomycetes
Thozetella_sp_PMI_491_KAH8883577.1	KAH8883577.1	GCA_021432635.1	NotLichen	gcf_6	Thozetella_sp_PMI_491	Thozetella	Sordariomycetes
Thielaviopsis_punctulata_KKA28498.1	KKA28498.1	GCA_000968615.1	NotLichen	gcf_6	Thielaviopsis_punctulata	Thielaviopsis	Sordariomycetes
Thelonectria_olida_KAH6898965.1	KAH6898965.1	GCA_020736575.1	NotLichen	gcf_6	Thelonectria_olida	Thelonectria	Sordariomycetes
Talaromyces_rugulosus_XP_035345849.1	XP_035345849.1	GCF_013368755.1	NotLichen	gcf_6	Talaromyces_rugulosus	Talaromyces	Eurotiomycetes
Talaromyces_islandicus_CRG89153.1	CRG89153.1	GCA_000985935.1	NotLichen	gcf_6	Talaromyces_islandicus	Talaromyces	Eurotiomycetes
Stachybotrys_elegans_KAH7305838.1	KAH7305838.1	GCA_020746835.1	NotLichen	gcf_6	Stachybotrys_elegans	Stachybotrys	Sordariomycetes
Sphaerulina_musiva_EMF11229.1	EMF11229.1	GCA_000320565.2	NotLichen	gcf_6	Sphaerulina_musiva	Sphaerulina	Dothideomycetes
Sphaceloma_murrayae_PNS20094.1	PNS20094.1	GCA_002895985.1	NotLichen	gcf_6	Sphaceloma_murrayae	Sphaceloma	Dothideomycetes
Septoria_linicola_USW55016.1	USW55016.1	GCA_024114885.1	NotLichen	gcf_6	Septoria_linicola	Septoria	Dothideomycetes
Rostrohypoxylon_terebratum_KAI1086362.1	KAI1086362.1	GCA_022497145.1	NotLichen	gcf_6	Rostrohypoxylon_terebratum	Rostrohypoxylon	Sordariomycetes
Rosellinia_necatrix_GAP91335.2	GAP91335.2	GCA_001445595.3	NotLichen	gcf_6	Rosellinia_necatrix	Rosellinia	Sordariomycetes
Pyricularia_sp_CBS_133598_TLD33281.1	TLD33281.1	GCA_004337975.1	NotLichen	gcf_6	Pyricularia_sp_CBS_133598	Pyricularia	Sordariomycetes
Pyricularia_oryzae_ELQ33210.1	ELQ33210.1	GCA_000292585.1	NotLichen	gcf_6	Pyricularia_oryzae	Pyricularia	Sordariomycetes
Pyricularia_grisea_XP_030987198.1	XP_030987198.1	GCF_004355905.1	NotLichen	gcf_6	Pyricularia_grisea	Pyricularia	Sordariomycetes
Purpureocillium_takamizusanense_XP_047841504.1	XP_047841504.1	GCF_022605165.1	NotLichen	gcf_6	Purpureocillium_takamizusanense	Purpureocillium	Sordariomycetes
Purpureocillium_lilacinum_GJN84253.1	GJN84253.1	GCA_023168115.2	NotLichen	gcf_6	Purpureocillium_lilacinum	Purpureocillium	Sordariomycetes
Pseudomassariella_vexata_XP_040711112.1	XP_040711112.1	GCF_002105095.1	NotLichen	gcf_6	Pseudomassariella_vexata	Pseudomassariella	Sordariomycetes
Pseudocercospora_fuligena_KAF7189718.1	KAF7189718.1	GCA_014298035.1	NotLichen	gcf_6	Pseudocercospora_fuligena	Pseudocercospora	Dothideomycetes
Pseudocercospora_fijiensis_XP_007922245.1	XP_007922245.1	GCF_000340215.1	NotLichen	gcf_6	Pseudocercospora_fijiensis	Pseudocercospora	Dothideomycetes
Pseudocercospora_eumusae_KXT06152.1	KXT06152.1	GCA_001578235.1	NotLichen	gcf_6	Pseudocercospora_eumusae	Pseudocercospora	Dothideomycetes
Pseudocercospora_eumusae_KXT06151.1	KXT06151.1	GCA_001578235.1	NotLichen	gcf_6	Pseudocercospora_eumusae	Pseudocercospora	Dothideomycetes
Podospora_comata_VBB77827.1	VBB77827.1	GCA_900290415.1	NotLichen	gcf_6	Podospora_comata	Podospora	Sordariomycetes
Podospora_anserina_XP_001909594.1	XP_001909594.1	GCF_000226545.1	NotLichen	gcf_6	Podospora_anserina	Podospora	Sordariomycetes
Pochonia_chlamydosporia_XP_018150324.1	XP_018150324.1	GCF_001653235.2	NotLichen	gcf_6	Pochonia_chlamydosporia	Pochonia	Sordariomycetes
Plectosphaerella_plurivora_KAH6674037.1	KAH6674037.1	GCA_020726575.1	NotLichen	gcf_6	Plectosphaerella_plurivora	Plectosphaerella	Sordariomycetes
Plectosphaerella_cucumerina_KAH7376003.1	KAH7376003.1	GCA_020746995.1	NotLichen	gcf_6	Plectosphaerella_cucumerina	Plectosphaerella	Sordariomycetes
Pestalotiopsis_sp_9143b_KAI4592846.1	KAI4592846.1	GCA_023701735.1	NotLichen	gcf_6	Pestalotiopsis_sp_9143b	Pestalotiopsis	Sordariomycetes
Pestalotiopsis_fici_XP_007841969.1	XP_007841969.1	GCF_000516985.1	NotLichen	gcf_6	Pestalotiopsis_fici	Pestalotiopsis	Sordariomycetes
Panaeolus_papilionaceus_KAF9047513.1	KAF9047513.1	GCA_015501605.1	NotLichen	gcf_6	Panaeolus_papilionaceus	Panaeolus	Agaricomycetes
Panaeolus_papilionaceus_KAF9044336.1	KAF9044336.1	GCA_015501605.1	NotLichen	gcf_6	Panaeolus_papilionaceus	Panaeolus	Agaricomycetes
Panaeolus_cyanescens_PPQ79921.1	PPQ79921.1	GCA_002938355.1	NotLichen	gcf_6	Panaeolus_cyanescens	Panaeolus	Agaricomycetes
Ophiocordyceps_sinensis_KAF4504422.1	KAF4504422.1	GCA_012934285.1	NotLichen	gcf_6	Ophiocordyceps_sinensis	Ophiocordyceps	Sordariomycetes
Ophiocordyceps_australis_PHH60971.1	PHH60971.1	GCA_002591415.1	NotLichen	gcf_6	Ophiocordyceps_australis	Ophiocordyceps	Sordariomycetes
Ophidiomyces_ophidiicola_KAI2408102.1	KAI2408102.1	GCA_022831925.1	NotLichen	gcf_6	Ophidiomyces_ophidiicola	Ophidiomyces	Eurotiomycetes
Neopestalotiopsis_sp_37M_KAF2995301.1	KAF2995301.1	GCA_011058875.1	NotLichen	gcf_6	Neopestalotiopsis_sp_37M	Neopestalotiopsis	Sordariomycetes
Neopestalotiopsis_clavispora_KAF7528985.1	KAF7528985.1	GCA_014621435.1	NotLichen	gcf_6	Neopestalotiopsis_clavispora	Neopestalotiopsis	Sordariomycetes
Neonectria_ditissima_KPM39944.1	KPM39944.1	GCA_001306435.1	NotLichen	gcf_6	Neonectria_ditissima	Neonectria	Sordariomycetes
Neonectria_ditissima_KPM39364.1	KPM39364.1	GCA_001306435.1	NotLichen	gcf_6	Neonectria_ditissima	Neonectria	Sordariomycetes
Monosporascus_sp_mg162_RYP51886.1	RYP51886.1	GCA_004155945.1	NotLichen	gcf_6	Monosporascus_sp_mg162	Monosporascus	Sordariomycetes
Monosporascus_sp_MC138B_RYP25483.1	RYP25483.1	GCA_004154975.1	NotLichen	gcf_6	Monosporascus_sp_MC138B	Monosporascus	Sordariomycetes
Monosporascus_sp_GIB2_RYP07593.1	RYP07593.1	GCA_004155935.1	NotLichen	gcf_6	Monosporascus_sp_GIB2	Monosporascus	Sordariomycetes
Monosporascus_sp_CRB92_RYP80153.1	RYP80153.1	GCA_004155915.1	NotLichen	gcf_6	Monosporascus_sp_CRB92	Monosporascus	Sordariomycetes
Monosporascus_sp_CRB83_RYP63393.1	RYP63393.1	GCA_004155055.1	NotLichen	gcf_6	Monosporascus_sp_CRB83	Monosporascus	Sordariomycetes
Monosporascus_sp_5C6A_RYP63969.1	RYP63969.1	GCA_004155035.1	NotLichen	gcf_6	Monosporascus_sp_5C6A	Monosporascus	Sordariomycetes
Monosporascus_ibericus_RYP04505.1	RYP04505.1	GCA_004154915.1	NotLichen	gcf_6	Monosporascus_ibericus	Monosporascus	Sordariomycetes
Monosporascus_cannonballus_RYO84092.1	RYO84092.1	GCA_004154925.1	NotLichen	gcf_6	Monosporascus_cannonballus	Monosporascus	Sordariomycetes
Moelleriella_libera_OAA32442.1	OAA32442.1	GCA_001636675.1	NotLichen	gcf_6	Moelleriella_libera	Moelleriella	Sordariomycetes
Moelleriella_libera_KZZ98543.1	KZZ98543.1	GCA_001636675.1	NotLichen	gcf_6	Moelleriella_libera	Moelleriella	Sordariomycetes
Metarhizium_robertsii_EXV05525.1	EXV05525.1	GCA_000591435.1	NotLichen	gcf_6	Metarhizium_robertsii	Metarhizium	Sordariomycetes
Metarhizium_rileyi_TWU74963.1	TWU74963.1	GCA_007866325.1	NotLichen	gcf_6	Metarhizium_rileyi	Metarhizium	Sordariomycetes
Metarhizium_majus_XP_014582888.1	XP_014582888.1	GCF_000814945.1	NotLichen	gcf_6	Metarhizium_majus	Metarhizium	Sordariomycetes
Metarhizium_humberi_KAH0601870.1	KAH0601870.1	GCA_020102295.1	NotLichen	gcf_6	Metarhizium_humberi	Metarhizium	Sordariomycetes
Metarhizium_humberi_KAH0593057.1	KAH0593057.1	GCA_020102295.1	NotLichen	gcf_6	Metarhizium_humberi	Metarhizium	Sordariomycetes
Metarhizium_guizhouense_KID88427.1	KID88427.1	GCA_000814955.1	NotLichen	gcf_6	Metarhizium_guizhouense	Metarhizium	Sordariomycetes
Metarhizium_guizhouense_KID81079.1	KID81079.1	GCA_000814955.1	NotLichen	gcf_6	Metarhizium_guizhouense	Metarhizium	Sordariomycetes
Metarhizium_brunneum_QLI68139.1	QLI68139.1	GCA_013426205.1	NotLichen	gcf_6	Metarhizium_brunneum	Metarhizium	Sordariomycetes
Metarhizium_anisopliae_KJK81684.1	KJK81684.1	GCA_000426965.1	NotLichen	gcf_6	Metarhizium_anisopliae	Metarhizium	Sordariomycetes
Metarhizium_album_XP_040676978.1	XP_040676978.1	GCF_000804445.1	NotLichen	gcf_6	Metarhizium_album	Metarhizium	Sordariomycetes
Metarhizium_acridum_XP_007814893.1	XP_007814893.1	GCF_000187405.1	NotLichen	gcf_6	Metarhizium_acridum	Metarhizium	Sordariomycetes
Lentithecium_fluviatile_KAF2687513.1	KAF2687513.1	GCA_010405425.1	NotLichen	gcf_6	Lentithecium_fluviatile	Lentithecium	Dothideomycetes
Ilyonectria_sp_MPICAGEAT0026_KAH6997620.1	KAH6997620.1	GCA_020744155.1	NotLichen	gcf_6	Ilyonectria_sp_MPICAGEAT0026	Ilyonectria	Sordariomycetes
Ilyonectria_robusta_XP_046111580.1	XP_046111580.1	GCF_021365365.1	NotLichen	gcf_6	Ilyonectria_robusta	Ilyonectria	Sordariomycetes
Ilyonectria_destructans_KAH7022596.1	KAH7022596.1	GCA_020740775.1	NotLichen	gcf_6	Ilyonectria_destructans	Ilyonectria	Sordariomycetes
Ilyonectria_destructans_KAH6999447.1	KAH6999447.1	GCA_020740775.1	NotLichen	gcf_6	Ilyonectria_destructans	Ilyonectria	Sordariomycetes
Hypoxylon_trugodes_KAI1391855.1	KAI1391855.1	GCA_022578975.1	NotLichen	gcf_6	Hypoxylon_trugodes	Hypoxylon	Sordariomycetes
Hypoxylon_sp_NC1633_KAI2601828.1	KAI2601828.1	GCA_022984935.1	NotLichen	gcf_6	Hypoxylon_sp_NC1633	Hypoxylon	Sordariomycetes
Hypoxylon_sp_NC0597_KAI0107957.1	KAI0107957.1	GCA_022432515.1	NotLichen	gcf_6	Hypoxylon_sp_NC0597	Hypoxylon	Sordariomycetes
Hypoxylon_sp_FL1857_KAI1409840.1	KAI1409840.1	GCA_022578955.1	NotLichen	gcf_6	Hypoxylon_sp_FL1857	Hypoxylon	Sordariomycetes
Hypoxylon_sp_FL1284_KAI0172917.1	KAI0172917.1	GCA_022432365.1	NotLichen	gcf_6	Hypoxylon_sp_FL1284	Hypoxylon	Sordariomycetes
Hypoxylon_sp_FL1284_KAI0169583.1	KAI0169583.1	GCA_022432365.1	NotLichen	gcf_6	Hypoxylon_sp_FL1284	Hypoxylon	Sordariomycetes
Hypoxylon_sp_FL1150_KAI1759584.1	KAI1759584.1	GCA_022495205.1	NotLichen	gcf_6	Hypoxylon_sp_FL1150	Hypoxylon	Sordariomycetes
Hypoxylon_sp_FL0890_KAI0839473.1	KAI0839473.1	GCA_022497025.1	NotLichen	gcf_6	Hypoxylon_sp_FL0890	Hypoxylon	Sordariomycetes
Hypoxylon_sp_FL0543_KAI1137542.1	KAI1137542.1	GCA_022578575.1	NotLichen	gcf_6	Hypoxylon_sp_FL0543	Hypoxylon	Sordariomycetes
Hypoxylon_sp_EC38_OTA58838.1	OTA58838.1	GCA_002120335.1	NotLichen	gcf_6	Hypoxylon_sp_EC38	Hypoxylon	Sordariomycetes
Hypoxylon_sp_CO275_OTA96854.1	OTA96854.1	GCA_002120305.1	NotLichen	gcf_6	Hypoxylon_sp_CO275	Hypoxylon	Sordariomycetes
Hypoxylon_rubiginosum_KAI4862261.1	KAI4862261.1	GCA_022578595.1	NotLichen	gcf_6	Hypoxylon_rubiginosum	Hypoxylon	Sordariomycetes
Hypoxylon_fuscum_KAI1396941.1	KAI1396941.1	GCA_022578945.1	NotLichen	gcf_6	Hypoxylon_fuscum	Hypoxylon	Sordariomycetes
Hypoxylon_fragiforme_XP_049113909.1	XP_049113909.1	GCF_022984875.1	NotLichen	gcf_6	Hypoxylon_fragiforme	Hypoxylon	Sordariomycetes
Hypoxylon_crocopeplum_KAI1370220.1	KAI1370220.1	GCA_022578875.1	NotLichen	gcf_6	Hypoxylon_crocopeplum	Hypoxylon	Sordariomycetes
Hypoxylon_cercidicola_KAI1778839.1	KAI1778839.1	GCA_022578845.1	NotLichen	gcf_6	Hypoxylon_cercidicola	Hypoxylon	Sordariomycetes
Hypomontagnella_submonticulosa_KAI2619769.1	KAI2619769.1	GCA_022984865.1	NotLichen	gcf_6	Hypomontagnella_submonticulosa	Hypomontagnella	Sordariomycetes
Hypomontagnella_monticulosa_KAI0376981.1	KAI0376981.1	GCA_022385585.1	NotLichen	gcf_6	Hypomontagnella_monticulosa	Hypomontagnella	Sordariomycetes
Hirsutella_rhossiliensis_XP_044715098.1	XP_044715098.1	GCF_020360975.1	NotLichen	gcf_6	Hirsutella_rhossiliensis	Hirsutella	Sordariomycetes
Hirsutella_minnesotensis_KJZ76946.1	KJZ76946.1	GCA_000956045.1	NotLichen	gcf_6	Hirsutella_minnesotensis	Hirsutella	Sordariomycetes
Hirsutella_minnesotensis_KJZ69000.1	KJZ69000.1	GCA_000956045.1	NotLichen	gcf_6	Hirsutella_minnesotensis	Hirsutella	Sordariomycetes
Fusarium_xylarioides_KAG5784526.1	KAG5784526.1	GCA_018296245.1	NotLichen	gcf_6	Fusarium_xylarioides	Fusarium	Sordariomycetes
Fusarium_verticillioides_RBQ78504.1	RBQ78504.1	GCA_003316975.2	NotLichen	gcf_6	Fusarium_verticillioides	Fusarium	Sordariomycetes
Fusarium_venenatum_KAH6991949.1	KAH6991949.1	GCA_020744135.1	NotLichen	gcf_6	Fusarium_venenatum	Fusarium	Sordariomycetes
Fusarium_vanettenii_XP_003043106.1	XP_003043106.1	GCF_000151355.1	NotLichen	gcf_6	Fusarium_vanettenii	Fusarium	Sordariomycetes
Fusarium_tricinctum_KAH7241312.1	KAH7241312.1	GCA_020744515.1	NotLichen	gcf_6	Fusarium_tricinctum	Fusarium	Sordariomycetes
Fusarium_tjaetaba_XP_037204632.1	XP_037204632.1	GCF_013396195.1	NotLichen	gcf_6	Fusarium_tjaetaba	Fusarium	Sordariomycetes
Fusarium_subglutinans_XP_036535050.1	XP_036535050.1	GCF_013396075.1	NotLichen	gcf_6	Fusarium_subglutinans	Fusarium	Sordariomycetes
Fusarium_sporotrichioides_RGP67323.1	RGP67323.1	GCA_003012315.1	NotLichen	gcf_6	Fusarium_sporotrichioides	Fusarium	Sordariomycetes
Fusarium_sp_NRRL_66182_KAF5024489.1	KAF5024489.1	GCA_013266265.1	NotLichen	gcf_6	Fusarium_sp_NRRL_66182	Fusarium	Sordariomycetes
Fusarium_sp_NRRL_66182_KAF5021531.1	KAF5021531.1	GCA_013266265.1	NotLichen	gcf_6	Fusarium_sp_NRRL_66182	Fusarium	Sordariomycetes
Fusarium_sp_NRRL_52700_KAF5639250.1	KAF5639250.1	GCA_013396095.1	NotLichen	gcf_6	Fusarium_sp_NRRL_52700	Fusarium	Sordariomycetes
Fusarium_sp_NRRL_25303_KAF5655301.1	KAF5655301.1	GCA_013396255.1	NotLichen	gcf_6	Fusarium_sp_NRRL_25303	Fusarium	Sordariomycetes
Fusarium_sp_MPISDFRAT0072_KAH7178811.1	KAH7178811.1	GCA_020744335.1	NotLichen	gcf_6	Fusarium_sp_MPISDFRAT0072	Fusarium	Sordariomycetes
Fusarium_sp_FIESC_RH6_KAI1072912.1	KAI1072912.1	GCA_022627095.1	NotLichen	gcf_6	Fusarium_sp_FIESC_RH6	Fusarium	Sordariomycetes
Fusarium_sp_DS_682_KAF9776901.1	KAF9776901.1	GCA_014764975.1	NotLichen	gcf_6	Fusarium_sp_DS_682	Fusarium	Sordariomycetes
Fusarium_sp_AF8_RSL41713.1	RSL41713.1	GCA_003946985.1	NotLichen	gcf_6	Fusarium_sp_AF8	Fusarium	Sordariomycetes
Fusarium_sp_AF6_RSL51262.1	RSL51262.1	GCA_003947015.1	NotLichen	gcf_6	Fusarium_sp_AF6	Fusarium	Sordariomycetes
Fusarium_sp_AF4_RSM04557.1	RSM04557.1	GCA_003946995.1	NotLichen	gcf_6	Fusarium_sp_AF4	Fusarium	Sordariomycetes
Fusarium_solanimelongenae_UPK95857.1	UPK95857.1	GCA_023101225.1	NotLichen	gcf_6	Fusarium_solanimelongenae	Fusarium	Sordariomycetes
Fusarium_solani_XP_046125136.1	XP_046125136.1	GCF_020744495.1	NotLichen	gcf_6	Fusarium_solani	Fusarium	Sordariomycetes
Fusarium_sarcochroum_KAF4968849.1	KAF4968849.1	GCA_013266185.1	NotLichen	gcf_6	Fusarium_sarcochroum	Fusarium	Sordariomycetes
Fusarium_redolens_XP_046050536.1	XP_046050536.1	GCF_020744475.1	NotLichen	gcf_6	Fusarium_redolens	Fusarium	Sordariomycetes
Fusarium_pseudograminearum_KAF0638051.1	KAF0638051.1	GCA_001703955.2	NotLichen	gcf_6	Fusarium_pseudograminearum	Fusarium	Sordariomycetes
Fusarium_pseudocircinatum_KAF5604376.1	KAF5604376.1	GCA_013396035.1	NotLichen	gcf_6	Fusarium_pseudocircinatum	Fusarium	Sordariomycetes
Fusarium_pseudoanthophilum_KAF5594602.1	KAF5594602.1	GCA_013395995.1	NotLichen	gcf_6	Fusarium_pseudoanthophilum	Fusarium	Sordariomycetes
Fusarium_proliferatum_RKL33426.1	RKL33426.1	GCA_003615215.1	NotLichen	gcf_6	Fusarium_proliferatum	Fusarium	Sordariomycetes
Fusarium_poae_OBS17419.1	OBS17419.1	GCA_001675295.1	NotLichen	gcf_6	Fusarium_poae	Fusarium	Sordariomycetes
Fusarium_phyllophilum_KAF5566026.1	KAF5566026.1	GCA_013396025.1	NotLichen	gcf_6	Fusarium_phyllophilum	Fusarium	Sordariomycetes
Fusarium_oxysporum_TVY77414.1	TVY77414.1	GCA_005930515.1	NotLichen	gcf_6	Fusarium_oxysporum	Fusarium	Sordariomycetes
Fusarium_odoratissimum_EMT72550.1	EMT72550.1	GCA_000350365.1	NotLichen	gcf_6	Fusarium_odoratissimum	Fusarium	Sordariomycetes
Fusarium_nygamai_PNP81505.1	PNP81505.1	GCA_002894225.1	NotLichen	gcf_6	Fusarium_nygamai	Fusarium	Sordariomycetes
Fusarium_napiforme_KAF5549604.1	KAF5549604.1	GCA_013396005.1	NotLichen	gcf_6	Fusarium_napiforme	Fusarium	Sordariomycetes
Fusarium_musae_XP_044676428.1	XP_044676428.1	GCF_019915245.1	NotLichen	gcf_6	Fusarium_musae	Fusarium	Sordariomycetes
Fusarium_mundagurra_KAF5724907.1	KAF5724907.1	GCA_013396205.1	NotLichen	gcf_6	Fusarium_mundagurra	Fusarium	Sordariomycetes
Fusarium_mangiferae_XP_041684129.1	XP_041684129.1	GCF_900044065.1	NotLichen	gcf_6	Fusarium_mangiferae	Fusarium	Sordariomycetes
Fusarium_longipes_RGP81180.1	RGP81180.1	GCA_003012285.1	NotLichen	gcf_6	Fusarium_longipes	Fusarium	Sordariomycetes
Fusarium_langsethiae_GKU06000.1	GKU06000.1	GCA_022180325.1	NotLichen	gcf_6	Fusarium_langsethiae	Fusarium	Sordariomycetes
Fusarium_langsethiae_GKU05999.1	GKU05999.1	GCA_022180325.1	NotLichen	gcf_6	Fusarium_langsethiae	Fusarium	Sordariomycetes
Fusarium_kuroshium_RMJ09524.1	RMJ09524.1	GCA_003698175.1	NotLichen	gcf_6	Fusarium_kuroshium	Fusarium	Sordariomycetes
Fusarium_heterosporum_KAF5660653.1	KAF5660653.1	GCA_013396295.1	NotLichen	gcf_6	Fusarium_heterosporum	Fusarium	Sordariomycetes
Fusarium_graminum_KAF4991504.1	KAF4991504.1	GCA_013266165.1	NotLichen	gcf_6	Fusarium_graminum	Fusarium	Sordariomycetes
Fusarium_graminearum_CEF76511.1	CEF76511.1	GCA_900044135.1	NotLichen	gcf_6	Fusarium_graminearum	Fusarium	Sordariomycetes
Fusarium_globosum_KAF5707724.1	KAF5707724.1	GCA_013396165.1	NotLichen	gcf_6	Fusarium_globosum	Fusarium	Sordariomycetes
Fusarium_gaditjirri_KAF4945015.1	KAF4945015.1	GCA_013266175.1	NotLichen	gcf_6	Fusarium_gaditjirri	Fusarium	Sordariomycetes
Fusarium_fujikuroi_QGI67658.1	QGI67658.1	GCA_009663055.1	NotLichen	gcf_6	Fusarium_fujikuroi	Fusarium	Sordariomycetes
Fusarium_floridanum_RSL87204.1	RSL87204.1	GCA_003947005.1	NotLichen	gcf_6	Fusarium_floridanum	Fusarium	Sordariomycetes
Fusarium_flagelliforme_RFN47008.1	RFN47008.1	GCA_003012295.1	NotLichen	gcf_6	Fusarium_flagelliforme	Fusarium	Sordariomycetes
Fusarium_euwallaceae_RTE82442.1	RTE82442.1	GCA_003957675.1	NotLichen	gcf_6	Fusarium_euwallaceae	Fusarium	Sordariomycetes
Fusarium_equiseti_CAG7566245.1	CAG7566245.1	GCA_910393935.1	NotLichen	gcf_6	Fusarium_equiseti	Fusarium	Sordariomycetes
Fusarium_denticulatum_KAF5687885.1	KAF5687885.1	GCA_013396175.1	NotLichen	gcf_6	Fusarium_denticulatum	Fusarium	Sordariomycetes
Fusarium_decemcellulare_KAF5012480.1	KAF5012480.1	GCA_013266205.1	NotLichen	gcf_6	Fusarium_decemcellulare	Fusarium	Sordariomycetes
Fusarium_culmorum_PTD05777.1	PTD05777.1	GCA_003033665.1	NotLichen	gcf_6	Fusarium_culmorum	Fusarium	Sordariomycetes
Fusarium_coicis_KAF5977940.1	KAF5977940.1	GCA_013781345.1	NotLichen	gcf_6	Fusarium_coicis	Fusarium	Sordariomycetes
Fusarium_coffeatum_XP_031013535.1	XP_031013535.1	GCF_003316985.1	NotLichen	gcf_6	Fusarium_coffeatum	Fusarium	Sordariomycetes
Fusarium_circinatum_KAF5666561.1	KAF5666561.1	GCA_013396185.1	NotLichen	gcf_6	Fusarium_circinatum	Fusarium	Sordariomycetes
Fusarium_chuoi_KAI1028471.1	KAI1028471.1	GCA_022627125.1	NotLichen	gcf_6	Fusarium_chuoi	Fusarium	Sordariomycetes
Fusarium_bulbicola_KAF5978724.1	KAF5978724.1	GCA_013758895.1	NotLichen	gcf_6	Fusarium_bulbicola	Fusarium	Sordariomycetes
Fusarium_beomiforme_KAF4341463.1	KAF4341463.1	GCA_002980475.2	NotLichen	gcf_6	Fusarium_beomiforme	Fusarium	Sordariomycetes
Fusarium_avenaceum_KIL90212.1	KIL90212.1	GCA_000769215.1	NotLichen	gcf_6	Fusarium_avenaceum	Fusarium	Sordariomycetes
Fusarium_avenaceum_KIL88528.1	KIL88528.1	GCA_000769215.1	NotLichen	gcf_6	Fusarium_avenaceum	Fusarium	Sordariomycetes
Fusarium_austroamericanum_KAF5227836.1	KAF5227836.1	GCA_013364965.1	NotLichen	gcf_6	Fusarium_austroamericanum	Fusarium	Sordariomycetes
Fusarium_austroafricanum_KAF4440333.1	KAF4440333.1	GCA_012932025.1	NotLichen	gcf_6	Fusarium_austroafricanum	Fusarium	Sordariomycetes
Fusarium_anthophilum_KAF5246009.1	KAF5246009.1	GCA_013364935.1	NotLichen	gcf_6	Fusarium_anthophilum	Fusarium	Sordariomycetes
Fusarium_annulatum_KAI1049063.1	KAI1049063.1	GCA_022627115.1	NotLichen	gcf_6	Fusarium_annulatum	Fusarium	Sordariomycetes
Fusarium_ambrosium_RSM06002.1	RSM06002.1	GCA_003947045.1	NotLichen	gcf_6	Fusarium_ambrosium	Fusarium	Sordariomycetes
Fusarium_albosuccineum_KAF4462069.1	KAF4462069.1	GCA_012931995.1	NotLichen	gcf_6	Fusarium_albosuccineum	Fusarium	Sordariomycetes
Fusarium_agapanthi_KAF4501930.1	KAF4501930.1	GCA_001654555.2	NotLichen	gcf_6	Fusarium_agapanthi	Fusarium	Sordariomycetes
Fulvia_fulva_UJO21247.1	UJO21247.1	GCA_020509005.2	NotLichen	gcf_6	Fulvia_fulva	Fulvia	Dothideomycetes
Eutypa_lata_KAI1252705.1	KAI1252705.1	GCA_022712995.1	NotLichen	gcf_6	Eutypa_lata	Eutypa	Sordariomycetes
Escovopsis_weberi_KOS22160.1	KOS22160.1	GCA_001278495.1	NotLichen	gcf_6	Escovopsis_weberi	Escovopsis	Sordariomycetes
Durotheca_rogersii_KAI5861028.1	KAI5861028.1	GCA_024521655.1	NotLichen	gcf_6	Durotheca_rogersii	Durotheca	Sordariomycetes
Drechmeria_coniospora_XP_040660461.1	XP_040660461.1	GCF_001625195.1	NotLichen	gcf_6	Drechmeria_coniospora	Drechmeria	Sordariomycetes
Diaporthe_ilicicola_KAI3393668.1	KAI3393668.1	GCA_023242295.1	NotLichen	gcf_6	Diaporthe_ilicicola	Diaporthe	Sordariomycetes
Diaporthe_helianthi_POS77457.1	POS77457.1	GCA_001702395.2	NotLichen	gcf_6	Diaporthe_helianthi	Diaporthe	Sordariomycetes
Diaporthe_eres_KAI7779184.1	KAI7779184.1	GCA_024867555.1	NotLichen	gcf_6	Diaporthe_eres	Diaporthe	Sordariomycetes
Diaporthe_citri_XP_043017976.1	XP_043017976.1	GCF_014595645.1	NotLichen	gcf_6	Diaporthe_citri	Diaporthe	Sordariomycetes
Diaporthe_batatas_XP_044645216.1	XP_044645216.1	GCF_019321695.1	NotLichen	gcf_6	Diaporthe_batatas	Diaporthe	Sordariomycetes
Diaporthe_ampelina_KKY39683.1	KKY39683.1	GCA_001006365.1	NotLichen	gcf_6	Diaporthe_ampelina	Diaporthe	Sordariomycetes
Diaporthaceae_sp_PMI_573_KAH8766030.1	KAH8766030.1	GCA_021399435.1	NotLichen	gcf_6	Diaporthaceae_sp_PMI_573		Sordariomycetes
Daldinia_vernicosa_XP_047866641.1	XP_047866641.1	GCF_022497035.1	NotLichen	gcf_6	Daldinia_vernicosa	Daldinia	Sordariomycetes
Daldinia_sp_EC12_OTB15225.1	OTB15225.1	GCA_002120325.1	NotLichen	gcf_6	Daldinia_sp_EC12	Daldinia	Sordariomycetes
Daldinia_loculata_XP_049162805.1	XP_049162805.1	GCF_022478755.1	NotLichen	gcf_6	Daldinia_loculata	Daldinia	Sordariomycetes
Daldinia_grandis_KAI0101144.1	KAI0101144.1	GCA_022432525.1	NotLichen	gcf_6	Daldinia_grandis	Daldinia	Sordariomycetes
Daldinia_eschscholtzii_KAI1483498.1	KAI1483498.1	GCA_022478725.1	NotLichen	gcf_6	Daldinia_eschscholtzii	Daldinia	Sordariomycetes
Daldinia_decipiens_XP_049100613.1	XP_049100613.1	GCF_022478715.1	NotLichen	gcf_6	Daldinia_decipiens	Daldinia	Sordariomycetes
Daldinia_childiae_XP_033432603.1	XP_033432603.1	GCF_008694065.1	NotLichen	gcf_6	Daldinia_childiae	Daldinia	Sordariomycetes
Daldinia_childiae_XP_033432602.1	XP_033432602.1	GCF_008694065.1	NotLichen	gcf_6	Daldinia_childiae	Daldinia	Sordariomycetes
Daldinia_caldariorum_XP_047794935.1	XP_047794935.1	GCF_022478825.1	NotLichen	gcf_6	Daldinia_caldariorum	Daldinia	Sordariomycetes
Daldinia_bambusicola_KAI1803973.1	KAI1803973.1	GCA_022478815.1	NotLichen	gcf_6	Daldinia_bambusicola	Daldinia	Sordariomycetes
Dactylonectria_macrodidyma_KAH7133562.1	KAH7133562.1	GCA_020744425.1	NotLichen	gcf_6	Dactylonectria_macrodidyma	Dactylonectria	Sordariomycetes
Dactylonectria_macrodidyma_KAH7121510.1	KAH7121510.1	GCA_020744425.1	NotLichen	gcf_6	Dactylonectria_macrodidyma	Dactylonectria	Sordariomycetes
Dactylonectria_macrodidyma_KAH7108957.1	KAH7108957.1	GCA_020744425.1	NotLichen	gcf_6	Dactylonectria_macrodidyma	Dactylonectria	Sordariomycetes
Dactylonectria_estremocensis_KAH7137199.1	KAH7137199.1	GCA_020744375.1	NotLichen	gcf_6	Dactylonectria_estremocensis	Dactylonectria	Sordariomycetes
Cylindrodendrum_hubeiense_KAF7545814.1	KAF7545814.1	GCA_014621425.1	NotLichen	gcf_6	Cylindrodendrum_hubeiense	Cylindrodendrum	Sordariomycetes
Cryphonectria_parasitica_XP_040772210.1	XP_040772210.1	GCF_011745365.1	NotLichen	gcf_6	Cryphonectria_parasitica	Cryphonectria	Sordariomycetes
Cordyceps_sp_RAO2017_PHH89531.1	PHH89531.1	GCA_002591385.1	NotLichen	gcf_6	Cordyceps_sp_RAO2017	Cordyceps	Sordariomycetes
Cordyceps_militaris_EGX97069.1	EGX97069.1	GCA_000225605.1	NotLichen	gcf_6	Cordyceps_militaris	Cordyceps	Sordariomycetes
Cordyceps_javanica_TQW10296.1	TQW10296.1	GCA_006981975.1	NotLichen	gcf_6	Cordyceps_javanica	Cordyceps	Sordariomycetes
Cordyceps_fumosorosea_XP_018706249.1	XP_018706249.1	GCF_001636725.1	NotLichen	gcf_6	Cordyceps_fumosorosea	Cordyceps	Sordariomycetes
Colletotrichum_viniferum_KAF4920411.1	KAF4920411.1	GCA_013201765.1	NotLichen	gcf_6	Colletotrichum_viniferum	Colletotrichum	Sordariomycetes
Colletotrichum_truncatum_XP_036576920.1	XP_036576920.1	GCF_014235925.1	NotLichen	gcf_6	Colletotrichum_truncatum	Colletotrichum	Sordariomycetes
Colletotrichum_tropicale_KAF4833703.1	KAF4833703.1	GCA_013201785.1	NotLichen	gcf_6	Colletotrichum_tropicale	Colletotrichum	Sordariomycetes
Colletotrichum_trifolii_TDZ41507.1	TDZ41507.1	GCA_004367215.1	NotLichen	gcf_6	Colletotrichum_trifolii	Colletotrichum	Sordariomycetes
Colletotrichum_tofieldiae_GKT56493.1	GKT56493.1	GCA_022836555.1	NotLichen	gcf_6	Colletotrichum_tofieldiae	Colletotrichum	Sordariomycetes
Colletotrichum_tanaceti_TKW52762.1	TKW52762.1	GCA_005350895.1	NotLichen	gcf_6	Colletotrichum_tanaceti	Colletotrichum	Sordariomycetes
Colletotrichum_sublineola_KDN65174.1	KDN65174.1	GCA_000696135.1	NotLichen	gcf_6	Colletotrichum_sublineola	Colletotrichum	Sordariomycetes
Colletotrichum_spinosum_TDZ31937.1	TDZ31937.1	GCA_004366825.1	NotLichen	gcf_6	Colletotrichum_spinosum	Colletotrichum	Sordariomycetes
Colletotrichum_spaethianum_XP_049126907.1	XP_049126907.1	GCF_022836535.1	NotLichen	gcf_6	Colletotrichum_spaethianum	Colletotrichum	Sordariomycetes
Colletotrichum_simmondsii_KXH36384.1	KXH36384.1	GCA_001563135.1	NotLichen	gcf_6	Colletotrichum_simmondsii	Colletotrichum	Sordariomycetes
Colletotrichum_siamense_KAF4859327.1	KAF4859327.1	GCA_013201745.1	NotLichen	gcf_6	Colletotrichum_siamense	Colletotrichum	Sordariomycetes
Colletotrichum_shisoi_TQN63864.1	TQN63864.1	GCA_006783085.1	NotLichen	gcf_6	Colletotrichum_shisoi	Colletotrichum	Sordariomycetes
Colletotrichum_scovillei_XP_035329204.1	XP_035329204.1	GCF_011075155.1	NotLichen	gcf_6	Colletotrichum_scovillei	Colletotrichum	Sordariomycetes
Colletotrichum_salicis_KXH66795.1	KXH66795.1	GCA_001563125.1	NotLichen	gcf_6	Colletotrichum_salicis	Colletotrichum	Sordariomycetes
Colletotrichum_plurivorum_KAF6831624.1	KAF6831624.1	GCA_014235945.1	NotLichen	gcf_6	Colletotrichum_plurivorum	Colletotrichum	Sordariomycetes
Colletotrichum_orchidophilum_XP_022477890.1	XP_022477890.1	GCF_001831195.1	NotLichen	gcf_6	Colletotrichum_orchidophilum	Colletotrichum	Sordariomycetes
Colletotrichum_orbiculare_TDZ17682.1	TDZ17682.1	GCA_000350065.2	NotLichen	gcf_6	Colletotrichum_orbiculare	Colletotrichum	Sordariomycetes
Colletotrichum_nymphaeae_KXH47633.1	KXH47633.1	GCA_001563115.1	NotLichen	gcf_6	Colletotrichum_nymphaeae	Colletotrichum	Sordariomycetes
Colletotrichum_musicola_KAF6842778.1	KAF6842778.1	GCA_014235935.1	NotLichen	gcf_6	Colletotrichum_musicola	Colletotrichum	Sordariomycetes
Colletotrichum_lupini_XP_049136801.1	XP_049136801.1	GCF_023278565.1	NotLichen	gcf_6	Colletotrichum_lupini	Colletotrichum	Sordariomycetes
Colletotrichum_karsti_KAF9878657.1	KAF9878657.1	GCA_011947395.2	NotLichen	gcf_6	Colletotrichum_karsti	Colletotrichum	Sordariomycetes
Colletotrichum_incanum_OHW90955.1	OHW90955.1	GCA_001855235.1	NotLichen	gcf_6	Colletotrichum_incanum	Colletotrichum	Sordariomycetes
Colletotrichum_higginsianum_TIC97371.1	TIC97371.1	GCA_004920355.1	NotLichen	gcf_6	Colletotrichum_higginsianum	Colletotrichum	Sordariomycetes
Colletotrichum_gloeosporioides_KAH9234710.1	KAH9234710.1	GCA_021432615.1	NotLichen	gcf_6	Colletotrichum_gloeosporioides	Colletotrichum	Sordariomycetes
Colletotrichum_fructicola_KAF4481766.1	KAF4481766.1	GCA_000319635.2	NotLichen	gcf_6	Colletotrichum_fructicola	Colletotrichum	Sordariomycetes
Colletotrichum_fioriniae_XP_007592880.1	XP_007592880.1	GCF_000582985.1	NotLichen	gcf_6	Colletotrichum_fioriniae	Colletotrichum	Sordariomycetes
Colletotrichum_filicis_KAI3529546.1	KAI3529546.1	GCA_023376865.1	NotLichen	gcf_6	Colletotrichum_filicis	Colletotrichum	Sordariomycetes
Colletotrichum_chlorophyti_OLN95253.1	OLN95253.1	GCA_001937105.1	NotLichen	gcf_6	Colletotrichum_chlorophyti	Colletotrichum	Sordariomycetes
Colletotrichum_camelliae_KAH0430558.1	KAH0430558.1	GCA_011947485.2	NotLichen	gcf_6	Colletotrichum_camelliae	Colletotrichum	Sordariomycetes
Colletotrichum_asianum_KAF0331200.1	KAF0331200.1	GCA_009806415.1	NotLichen	gcf_6	Colletotrichum_asianum	Colletotrichum	Sordariomycetes
Colletotrichum_aenigma_XP_037184307.1	XP_037184307.1	GCF_013390185.1	NotLichen	gcf_6	Colletotrichum_aenigma	Colletotrichum	Sordariomycetes
Colletotrichum_abscissum_KAI3556375.1	KAI3556375.1	GCA_023376855.1	NotLichen	gcf_6	Colletotrichum_abscissum	Colletotrichum	Sordariomycetes
Coccidioides_posadasii_XP_003066759.1	XP_003066759.1	GCF_000151335.1	NotLichen	gcf_6	Coccidioides_posadasii	Coccidioides	Eurotiomycetes
Coccidioides_immitis_TPX26860.1	TPX26860.1	GCA_004115165.2	NotLichen	gcf_6	Coccidioides_immitis	Coccidioides	Eurotiomycetes
Clonostachys_solani_CAH0040475.1	CAH0040475.1	GCA_902141235.2	NotLichen	gcf_6	Clonostachys_solani	Clonostachys	Sordariomycetes
Clonostachys_rosea_VUC28505.1	VUC28505.1	GCA_902085965.1	NotLichen	gcf_6	Clonostachys_rosea	Clonostachys	Sordariomycetes
Clonostachys_rhizophaga_CAH0020926.1	CAH0020926.1	GCA_902077795.2	NotLichen	gcf_6	Clonostachys_rhizophaga	Clonostachys	Sordariomycetes
Clonostachys_byssicola_CAG9979766.1	CAG9979766.1	GCA_902006505.2	NotLichen	gcf_6	Clonostachys_byssicola	Clonostachys	Sordariomycetes
Camillea_tinctor_KAI5918483.1	KAI5918483.1	GCA_022578605.1	NotLichen	gcf_6	Camillea_tinctor	Camillea	Sordariomycetes
Biscogniauxia_sp_FL1348_KAI0599576.1	KAI0599576.1	GCA_022544895.1	NotLichen	gcf_6	Biscogniauxia_sp_FL1348	Biscogniauxia	Sordariomycetes
Biscogniauxia_mediterranea_KAI1635236.1	KAI1635236.1	GCA_022478735.1	NotLichen	gcf_6	Biscogniauxia_mediterranea	Biscogniauxia	Sordariomycetes
Biscogniauxia_marginata_KAI1505979.1	KAI1505979.1	GCA_022695795.1	NotLichen	gcf_6	Biscogniauxia_marginata	Biscogniauxia	Sordariomycetes
Beauveria_brongniartii_OAA38216.1	OAA38216.1	GCA_001636735.1	NotLichen	gcf_6	Beauveria_brongniartii	Beauveria	Sordariomycetes
Beauveria_bassiana_PQK14345.1	PQK14345.1	GCA_001682635.1	NotLichen	gcf_6	Beauveria_bassiana	Beauveria	Sordariomycetes
Auriculariales_sp_MPIPUGEAT0066_KAH7106998.1	KAH7106998.1	GCA_020744175.1	NotLichen	gcf_6	Auriculariales_sp_MPIPUGEAT0066		Agaricomycetes
Annulohypoxylon_truncatum_XP_047856537.1	XP_047856537.1	GCF_022578515.1	NotLichen	gcf_6	Annulohypoxylon_truncatum	Annulohypoxylon	Sordariomycetes
Annulohypoxylon_stygium_KAI1445412.1	KAI1445412.1	GCA_022695755.1	NotLichen	gcf_6	Annulohypoxylon_stygium	Annulohypoxylon	Sordariomycetes
Annulohypoxylon_nitens_KAI0894342.1	KAI0894342.1	GCA_022496965.1	NotLichen	gcf_6	Annulohypoxylon_nitens	Annulohypoxylon	Sordariomycetes
Annulohypoxylon_moriforme_KAI1455482.1	KAI1455482.1	GCA_022695765.1	NotLichen	gcf_6	Annulohypoxylon_moriforme	Annulohypoxylon	Sordariomycetes
Annulohypoxylon_maeteangense_XP_047820162.1	XP_047820162.1	GCF_022496945.1	NotLichen	gcf_6	Annulohypoxylon_maeteangense	Annulohypoxylon	Sordariomycetes
Annulohypoxylon_bovei_KAI2464394.1	KAI2464394.1	GCA_022836615.1	NotLichen	gcf_6	Annulohypoxylon_bovei	Annulohypoxylon	Sordariomycetes
Akanthomyces_lecanii_OAA78496.1	OAA78496.1	GCA_001636795.1	NotLichen	gcf_6	Akanthomyces_lecanii	Akanthomyces	Sordariomycetes
Acremonium_chrysogenum_KFH48432.1	KFH48432.1	GCA_000769265.1	NotLichen	gcf_6	Acremonium_chrysogenum	Acremonium	Sordariomycetes
Trapelia_coarctata_MCJ1248508.1	MCJ1248508.1	GCA_022813945.1	Lichen	gcf_7	Trapelia_coarctata	Trapelia	Lecanoromycetes
Paracoccidioides_lutzii_XP_002797848.1	XP_002797848.1	GCF_000150705.2	NotLichen	gcf_7	Paracoccidioides_lutzii	Paracoccidioides	Eurotiomycetes
Paracoccidioides_brasiliensis_ODH48615.1	ODH48615.1	GCA_001713695.1	NotLichen	gcf_7	Paracoccidioides_brasiliensis	Paracoccidioides	Eurotiomycetes
Histoplasma_capsulatum_EEH06074.1	EEH06074.1	GCA_000150115.1	NotLichen	gcf_7	Histoplasma_capsulatum	Histoplasma	Eurotiomycetes
Helicocarpus_griseus_PGH15795.1	PGH15795.1	GCA_002573585.1	NotLichen	gcf_7	Helicocarpus_griseus	Helicocarpus	Eurotiomycetes
Emmonsia_crescens_PGH30761.1	PGH30761.1	GCA_002572855.1	NotLichen	gcf_7	Emmonsia_crescens	Emmonsia	Eurotiomycetes
Emergomyces_pasteurianus_OJD16308.1	OJD16308.1	GCA_001883825.1	NotLichen	gcf_7	Emergomyces_pasteurianus	Emergomyces	Eurotiomycetes
Emergomyces_africanus_OAX83873.1	OAX83873.1	GCA_001660665.1	NotLichen	gcf_7	Emergomyces_africanus	Emergomyces	Eurotiomycetes
Blastomyces_silverae_KLJ13649.1	KLJ13649.1	GCA_001014755.1	NotLichen	gcf_7	Blastomyces_silverae	Blastomyces	Eurotiomycetes
Blastomyces_percursus_OJD25299.1	OJD25299.1	GCA_001883805.1	NotLichen	gcf_7	Blastomyces_percursus	Blastomyces	Eurotiomycetes
Blastomyces_parvus_PGH06165.1	PGH06165.1	GCA_002572885.1	NotLichen	gcf_7	Blastomyces_parvus	Blastomyces	Eurotiomycetes
Blastomyces_gilchristii_XP_031577983.1	XP_031577983.1	GCF_000003855.2	NotLichen	gcf_7	Blastomyces_gilchristii	Blastomyces	Eurotiomycetes
Blastomyces_dermatitidis_EEQ86903.2	EEQ86903.2	GCA_000003525.2	NotLichen	gcf_7	Blastomyces_dermatitidis	Blastomyces	Eurotiomycetes
Xylographa_vitiligo_MCJ1317819.1	MCJ1317819.1	GCA_022813765.1	Lichen	lichengroup1	Xylographa_vitiligo	Xylographa	Lecanoromycetes
Xylographa_trunciseda_MCJ1402733.1	MCJ1402733.1	GCA_022813785.1	Lichen	lichengroup1	Xylographa_trunciseda	Xylographa	Lecanoromycetes
Xylographa_soralifera_MCJ1380005.1	MCJ1380005.1	GCA_022813805.1	Lichen	lichengroup1	Xylographa_soralifera	Xylographa	Lecanoromycetes
Xylographa_opegraphella_MCJ1284002.1	MCJ1284002.1	GCA_022813865.1	Lichen	lichengroup1	Xylographa_opegraphella	Xylographa	Lecanoromycetes
Xylographa_bjoerkii_MCJ1389440.1	MCJ1389440.1	GCA_022813905.1	Lichen	lichengroup1	Xylographa_bjoerkii	Xylographa	Lecanoromycetes
Variospora_aurantia_KAI4154545.1	KAI4154545.1	GCA_023645955.1	Lichen	lichengroup1	Variospora_aurantia	Variospora	Lecanoromycetes
Usnochroma_carphineum_KAI4125426.1	KAI4125426.1	GCA_023645975.1	Lichen	lichengroup1	Usnochroma_carphineum	Usnochroma	Lecanoromycetes
Usnochroma_carphineum_KAI4123483.1	KAI4123483.1	GCA_023645975.1	Lichen	lichengroup1	Usnochroma_carphineum	Usnochroma	Lecanoromycetes
Sticta_canariensis_MCJ1429178.1	MCJ1429178.1	GCA_022814045.1	Lichen	lichengroup1	Sticta_canariensis	Sticta	Lecanoromycetes
Pseudocyphellaria_aurata_MCJ1468027.1	MCJ1468027.1	GCA_022814125.1	Lichen	lichengroup1	Pseudocyphellaria_aurata	Pseudocyphellaria	Lecanoromycetes
Pseudocyphellaria_aurata_MCJ1467851.1	MCJ1467851.1	GCA_022814125.1	Lichen	lichengroup1	Pseudocyphellaria_aurata	Pseudocyphellaria	Lecanoromycetes
Plenodomus_tracheiphilus_KAF2848073.1	KAF2848073.1	GCA_010093695.1	NotLichen	lichengroup1	Plenodomus_tracheiphilus	Plenodomus	Dothideomycetes
Phaeosphaeriaceae_sp_PMI808_KAH8728392.1	KAH8728392.1	GCA_021365335.1	NotLichen	lichengroup1	Phaeosphaeriaceae_sp_PMI808		Dothideomycetes
Mytilinidion_resinicola_XP_033572244.1	XP_033572244.1	GCF_010093595.1	NotLichen	lichengroup1	Mytilinidion_resinicola	Mytilinidion	Dothideomycetes
Lophium_mytilinum_KAF2488791.1	KAF2488791.1	GCA_010093605.1	NotLichen	lichengroup1	Lophium_mytilinum	Lophium	Dothideomycetes
Lobaria_immixta_MCJ1270306.1	MCJ1270306.1	GCA_022814215.1	Lichen	lichengroup1	Lobaria_immixta	Lobaria	Lecanoromycetes
Letrouitia_leprolyta_KAI4187986.1	KAI4187986.1	GCA_023646175.1	Lichen	lichengroup1	Letrouitia_leprolyta	Letrouitia	Lecanoromycetes
Leptosphaeria_biglobosa_KAH9877667.1	KAH9877667.1	GCA_022343325.1	NotLichen	lichengroup1	Leptosphaeria_biglobosa	Leptosphaeria	Dothideomycetes
Gyalolechia_ehrenbergii_KAI4172377.1	KAI4172377.1	GCA_023646125.1	Lichen	lichengroup1	Gyalolechia_ehrenbergii	Gyalolechia	Lecanoromycetes
Endocarpon_pusillum_KAF7507277.1	KAF7507277.1	GCA_014607435.1	Lichen	lichengroup1	Endocarpon_pusillum	Endocarpon	Eurotiomycetes
Delitschia_confertaspora_KAF2201234.1	KAF2201234.1	GCA_010093945.1	NotLichen	lichengroup1	Delitschia_confertaspora	Delitschia	Dothideomycetes
Botryosphaeria_dothidea_KAF4307270.1	KAF4307270.1	GCA_011503125.2	NotLichen	lichengroup1	Botryosphaeria_dothidea	Botryosphaeria	Dothideomycetes
Xylographa_vitiligo_MCJ1316234.1	MCJ1316234.1	GCA_022813765.1	Lichen	lichengroup2	Xylographa_vitiligo	Xylographa	Lecanoromycetes
Xylographa_trunciseda_MCJ1399865.1	MCJ1399865.1	GCA_022813785.1	Lichen	lichengroup2	Xylographa_trunciseda	Xylographa	Lecanoromycetes
Xylographa_soralifera_MCJ1378565.1	MCJ1378565.1	GCA_022813805.1	Lichen	lichengroup2	Xylographa_soralifera	Xylographa	Lecanoromycetes
Xylographa_parallela_MCJ1415942.1	MCJ1415942.1	GCA_022813825.1	Lichen	lichengroup2	Xylographa_parallela	Xylographa	Lecanoromycetes
Xylographa_pallens_MCJ1436518.1	MCJ1436518.1	GCA_022813845.1	Lichen	lichengroup2	Xylographa_pallens	Xylographa	Lecanoromycetes
Xylographa_opegraphella_MCJ1283298.1	MCJ1283298.1	GCA_022813865.1	Lichen	lichengroup2	Xylographa_opegraphella	Xylographa	Lecanoromycetes
Xylographa_carneopallida_MCJ1291148.1	MCJ1291148.1	GCA_022813885.1	Lichen	lichengroup2	Xylographa_carneopallida	Xylographa	Lecanoromycetes
Xylographa_bjoerkii_MCJ1390691.1	MCJ1390691.1	GCA_022813905.1	Lichen	lichengroup2	Xylographa_bjoerkii	Xylographa	Lecanoromycetes
Lambiella_insularis_MCJ1472382.1	MCJ1472382.1	GCA_022814265.1	Lichen	lichengroup2	Lambiella_insularis	Lambiella	Lecanoromycetes